Team Name,Surname,Lastname,Nationality,Age,Height (cm),Weight (kg),Market Value (EURO),Strong Foot,Position,Homegrown Player,International Player,International Games
Adlerstadt Eagles,Ismael,García,Poland,34,197,70,6155053,Left,CDM,Yes,No,0
Adlerstadt Eagles,Jonas,Kaya,Netherlands,27,170,70,9882001,Right,CDM,No,Yes,0
Adlerstadt Eagles,Jonas,Silva,Turkey,24,195,68,8400237,Right,RM,No,Yes,0
Adlerstadt Eagles,Marco,Huber,Japan,34,177,73,9400717,Right,RWB,No,Yes,0
Adlerstadt Eagles,Ismael,Müller,England,28,187,64,3059052,Right,LM,No,No,30
Adlerstadt Eagles,Mamadou,Larsen,Brazil,29,184,87,7250569,Left,CAM,Yes,Yes,0
Adlerstadt Eagles,Florian,Müller,Poland,25,165,75,5681994,Right,LW,Yes,No,36
Adlerstadt Eagles,Yusuf,Huber,England,34,167,61,8854448,Right,LW,No,No,0
Adlerstadt Eagles,Lukas,Silva,Senegal,33,182,89,5838929,Both,RB,No,Yes,3
Adlerstadt Eagles,Ismael,Traoré,Poland,21,192,83,6130644,Both,RB,No,Yes,0
Adlerstadt Eagles,Santiago,Müller,England,34,189,85,3610509,Both,RB,No,No,0
Adlerstadt Eagles,Santiago,Lehmann,Brazil,20,188,71,2313488,Right,LB,No,No,0
Adlerstadt Eagles,Mamadou,Kaya,Poland,22,178,67,4983845,Left,ST,No,No,9
Adlerstadt Eagles,Florian,Becker,Italy,25,191,65,4764874,Left,SS,No,Yes,0
Adlerstadt Eagles,Lukas,Müller,Brazil,29,173,75,5289265,Right,CM,Yes,No,0
Adlerstadt Eagles,Florian,Larsen,Germany,34,200,78,5385308,Right,CAM,Yes,Yes,0
Adlerstadt Eagles,Timo,Krämer,Brazil,32,193,81,7381033,Left,RW,Yes,Yes,0
Adlerstadt Eagles,Patrick,Larsen,Argentina,21,173,74,2777884,Both,RM,No,Yes,11
Adlerstadt Eagles,Marco,Lehmann,Netherlands,25,187,82,2086879,Both,CB,Yes,Yes,0
Adlerstadt Eagles,Florian,Larsen,Poland,29,183,67,4591137,Right,CDM,Yes,Yes,0
Rheinblick Rovers,Lukas,Silva,England,34,174,60,3213935,Right,ST,Yes,No,0
Rheinblick Rovers,Patrick,Kaya,Netherlands,32,177,87,4447871,Both,RW,Yes,No,25
Rheinblick Rovers,Marco,Schmidt,Argentina,32,173,85,7454608,Left,LWB,Yes,Yes,0
Rheinblick Rovers,Timo,Becker,Argentina,28,185,75,5966304,Right,CF,Yes,No,0
Rheinblick Rovers,Santiago,Lehmann,Denmark,18,165,86,8734623,Left,RWB,No,Yes,0
Rheinblick Rovers,Mamadou,Silva,Argentina,21,186,71,6026422,Both,RWB,No,Yes,0
Rheinblick Rovers,Florian,Traoré,Netherlands,22,197,87,3104012,Right,SS,No,Yes,21
Rheinblick Rovers,Santiago,Lehmann,Ivory Coast,31,165,80,7683460,Left,LB,Yes,Yes,38
Rheinblick Rovers,Ismael,Krämer,Japan,35,172,68,9862163,Both,LM,Yes,Yes,0
Rheinblick Rovers,Marco,Huber,Japan,16,189,82,5844659,Both,RW,No,No,46
Rheinblick Rovers,Emil,Silva,Senegal,25,179,67,8655480,Left,CAM,No,Yes,0
Rheinblick Rovers,Patrick,Krämer,Senegal,20,168,73,3135404,Left,GK,Yes,Yes,32
Rheinblick Rovers,Santiago,Silva,Turkey,22,190,72,4464243,Right,RW,Yes,Yes,35
Rheinblick Rovers,Yusuf,García,Netherlands,30,187,80,8004876,Both,RWB,No,Yes,0
Rheinblick Rovers,Emil,Traoré,Denmark,36,176,80,6432738,Right,CB,Yes,Yes,0
Rheinblick Rovers,Florian,Traoré,Spain,31,182,76,7413415,Both,LB,No,Yes,24
Rheinblick Rovers,Patrick,Krämer,Argentina,25,193,63,3188728,Right,RM,Yes,Yes,0
Rheinblick Rovers,Santiago,Traoré,Turkey,28,184,86,5850299,Both,GK,No,Yes,21
Rheinblick Rovers,Patrick,Krämer,Argentina,20,192,75,7135567,Both,LWB,No,No,0
Rheinblick Rovers,Ismael,Schmidt,Belgium,23,179,63,9459888,Both,LW,Yes,No,0
Rheinblick Rovers,Florian,García,Italy,19,169,70,8641681,Right,RWB,Yes,No,0
Rheinblick Rovers,Jonas,Lehmann,Poland,17,165,63,1306883,Left,SS,No,No,19
Schwarzwald Strikers,Emil,Silva,England,17,190,69,5860422,Left,LB,No,Yes,0
Schwarzwald Strikers,Timo,García,Spain,20,167,77,1149123,Right,CB,Yes,Yes,0
Schwarzwald Strikers,Mamadou,Krämer,Ivory Coast,35,187,86,8364639,Both,CM,No,No,0
Schwarzwald Strikers,Lukas,Müller,England,32,180,76,7255418,Both,LWB,Yes,No,42
Schwarzwald Strikers,Timo,Müller,Germany,19,194,88,4371475,Right,RWB,Yes,Yes,0
Schwarzwald Strikers,Patrick,Silva,Ivory Coast,16,197,89,4572098,Left,CAM,No,No,28
Schwarzwald Strikers,Patrick,Silva,Denmark,16,193,81,3480821,Both,CB,No,No,30
Schwarzwald Strikers,Mamadou,Huber,Poland,26,187,77,1535586,Right,ST,Yes,Yes,9
Schwarzwald Strikers,Santiago,Huber,Brazil,16,173,83,1499315,Both,LB,Yes,No,4
Schwarzwald Strikers,Emil,Schmidt,Germany,35,182,83,7035313,Both,SS,No,No,0
Schwarzwald Strikers,Santiago,Müller,Turkey,30,183,70,2776838,Right,LM,Yes,Yes,0
Schwarzwald Strikers,Jonas,Silva,Spain,19,168,89,7909735,Both,CM,No,No,22
Schwarzwald Strikers,Timo,Müller,Poland,32,195,73,7788143,Both,LM,Yes,Yes,0
Schwarzwald Strikers,Santiago,Kaya,Senegal,23,198,82,2498610,Left,GK,Yes,No,22
Schwarzwald Strikers,Santiago,Silva,Belgium,19,200,74,5375929,Both,SS,No,Yes,0
Schwarzwald Strikers,Emil,Lehmann,Senegal,33,170,72,7947478,Left,CAM,No,No,39
Schwarzwald Strikers,Yusuf,García,Turkey,26,187,62,1664746,Both,ST,No,Yes,33
Schwarzwald Strikers,Ismael,Schmidt,Netherlands,17,186,64,1817903,Right,CDM,No,No,17
Schwarzwald Strikers,Yusuf,Lehmann,Spain,25,184,84,7856085,Both,RWB,No,No,0
Schwarzwald Strikers,Lukas,Huber,Brazil,31,188,76,6319008,Left,GK,No,Yes,0
Nordsee Navigators,Emil,Huber,Poland,33,189,86,3808220,Both,LW,No,No,0
Nordsee Navigators,Florian,Lehmann,Belgium,35,184,88,8774163,Both,RW,No,Yes,0
Nordsee Navigators,Patrick,Kaya,Italy,26,188,82,1287277,Right,CF,Yes,Yes,0
Nordsee Navigators,Emil,Schmidt,Ivory Coast,26,186,82,3884891,Both,LW,No,Yes,24
Nordsee Navigators,Florian,Huber,Belgium,25,197,66,1298461,Right,CDM,No,Yes,0
Nordsee Navigators,Yusuf,Müller,Argentina,16,177,67,2373042,Left,CM,Yes,No,24
Nordsee Navigators,Florian,Huber,Belgium,16,178,77,8521548,Right,CB,No,No,0
Nordsee Navigators,Ismael,Kaya,Poland,18,194,75,2782025,Both,CB,No,No,0
Nordsee Navigators,Santiago,Huber,Poland,22,168,65,7244910,Both,SW,No,Yes,0
Nordsee Navigators,Marco,Huber,Germany,20,180,64,6586974,Right,RB,No,No,44
Nordsee Navigators,Marco,Müller,Netherlands,32,172,61,3572164,Left,RW,No,No,0
Nordsee Navigators,Marco,Traoré,Poland,18,183,90,9524356,Left,SS,Yes,No,35
Nordsee Navigators,Jonas,Traoré,Poland,27,178,81,3491636,Both,LW,Yes,No,48
Nordsee Navigators,Patrick,Schmidt,Denmark,20,180,62,3489859,Right,ST,Yes,No,38
Nordsee Navigators,Emil,Lehmann,Italy,30,185,90,8570965,Both,LB,Yes,No,45
Nordsee Navigators,Florian,Huber,Turkey,22,188,75,2134709,Both,ST,Yes,Yes,37
Nordsee Navigators,Jonas,Huber,Brazil,31,197,66,3875148,Both,SS,Yes,No,0
Nordsee Navigators,Jonas,Schmidt,France,29,200,85,1472010,Both,GK,No,No,0
Nordsee Navigators,Marco,Schmidt,Ivory Coast,26,192,79,8657750,Both,RB,Yes,No,4
Nordsee Navigators,Marco,Schmidt,Ivory Coast,35,188,69,6532627,Right,CF,No,Yes,49
Nordsee Navigators,Lukas,García,Japan,32,183,88,5374183,Right,LM,Yes,No,24
Bayerhafen Dynamo,Emil,Müller,Germany,20,180,88,5407948,Both,LM,Yes,Yes,30
Bayerhafen Dynamo,Marco,Becker,Ivory Coast,17,177,67,8420903,Left,LB,Yes,Yes,38
Bayerhafen Dynamo,Patrick,Lehmann,Japan,20,165,76,7588767,Both,RWB,Yes,Yes,0
Bayerhafen Dynamo,Lukas,Müller,Italy,36,170,75,4974614,Both,SS,Yes,No,0
Bayerhafen Dynamo,Emil,Larsen,Argentina,18,193,86,7370846,Left,RB,No,No,6
Bayerhafen Dynamo,Jonas,Huber,Japan,31,175,88,5979984,Left,CB,No,Yes,11
Bayerhafen Dynamo,Mamadou,Krämer,Spain,31,171,90,5656662,Left,ST,Yes,Yes,0
Bayerhafen Dynamo,Emil,Huber,Germany,19,173,90,4880202,Left,LB,No,Yes,13
Bayerhafen Dynamo,Florian,Traoré,Argentina,25,173,74,4137125,Left,RM,Yes,Yes,42
Bayerhafen Dynamo,Ismael,Krämer,Brazil,34,177,85,9725425,Right,SS,No,Yes,38
Bayerhafen Dynamo,Patrick,Larsen,Senegal,19,186,63,1370565,Right,CF,No,No,0
Bayerhafen Dynamo,Ismael,Müller,Italy,29,166,68,9942301,Left,ST,Yes,Yes,45
Bayerhafen Dynamo,Marco,Lehmann,Netherlands,17,191,72,4730165,Left,SS,No,Yes,0
Bayerhafen Dynamo,Santiago,Kaya,Ivory Coast,29,198,86,1055768,Both,LB,Yes,Yes,2
Bayerhafen Dynamo,Lukas,Huber,Argentina,33,179,69,5064219,Left,RB,Yes,No,0
Bayerhafen Dynamo,Emil,Becker,France,22,196,88,4113082,Right,LB,No,No,29
Bayerhafen Dynamo,Florian,Lehmann,France,23,181,85,3659328,Both,RM,Yes,Yes,48
Bayerhafen Dynamo,Timo,Becker,Brazil,29,182,81,3841639,Both,CF,Yes,No,36
Bayerhafen Dynamo,Emil,Krämer,Poland,16,185,60,3760500,Both,SS,No,No,24
Bayerhafen Dynamo,Yusuf,Lehmann,Germany,16,192,74,1282472,Both,ST,Yes,No,8
Bayerhafen Dynamo,Jonas,Schmidt,Denmark,36,173,75,3151106,Left,RM,No,No,0
Bayerhafen Dynamo,Timo,Huber,Turkey,22,170,64,2761686,Right,SW,Yes,No,0
Blitzstadt Lightning,Yusuf,García,Poland,33,196,79,3808272,Both,GK,Yes,Yes,0
Blitzstadt Lightning,Ismael,Becker,Brazil,32,172,66,7318577,Right,SS,Yes,Yes,0
Blitzstadt Lightning,Ismael,Silva,Italy,29,194,76,3643087,Left,LB,Yes,Yes,0
Blitzstadt Lightning,Santiago,Müller,Italy,34,170,76,3058375,Right,RB,No,Yes,40
Blitzstadt Lightning,Emil,Larsen,France,27,193,62,9839020,Right,CB,No,No,0
Blitzstadt Lightning,Santiago,Larsen,Turkey,32,170,68,5302230,Both,RM,No,Yes,0
Blitzstadt Lightning,Florian,Larsen,Denmark,16,182,62,8526206,Left,RB,No,Yes,3
Blitzstadt Lightning,Timo,Krämer,Argentina,16,196,84,5139011,Both,CDM,No,No,7
Blitzstadt Lightning,Yusuf,Lehmann,Italy,29,183,81,7816682,Left,RB,No,No,13
Blitzstadt Lightning,Lukas,Silva,England,23,176,69,8179891,Both,LB,Yes,Yes,0
Blitzstadt Lightning,Florian,Silva,Italy,25,191,75,1564123,Left,RM,Yes,Yes,0
Blitzstadt Lightning,Marco,Traoré,Brazil,17,175,66,1444695,Right,CF,No,No,14
Blitzstadt Lightning,Emil,Becker,Poland,34,186,72,5591698,Both,CAM,No,Yes,47
Blitzstadt Lightning,Lukas,Huber,Argentina,31,176,81,4502903,Left,LM,Yes,No,0
Blitzstadt Lightning,Florian,Becker,Spain,34,176,64,2165824,Right,LWB,No,Yes,13
Blitzstadt Lightning,Mamadou,Larsen,Argentina,25,183,66,7489538,Left,LM,Yes,Yes,32
Blitzstadt Lightning,Lukas,García,Turkey,24,177,72,7599519,Right,CDM,Yes,Yes,0
Blitzstadt Lightning,Lukas,Müller,Poland,22,181,78,5215809,Both,LW,No,Yes,0
Blitzstadt Lightning,Florian,Kaya,Italy,27,175,79,7763900,Both,CB,Yes,No,0
Sonnendorf Stars,Ismael,Huber,Netherlands,32,169,72,8210382,Left,CB,No,Yes,48
Sonnendorf Stars,Florian,Silva,Argentina,24,177,73,4675528,Left,RM,No,No,50
Sonnendorf Stars,Timo,Silva,England,17,167,90,7687918,Right,CF,No,Yes,0
Sonnendorf Stars,Ismael,Schmidt,Italy,21,184,67,3928011,Both,SS,Yes,No,8
Sonnendorf Stars,Jonas,Traoré,Italy,26,175,80,9218956,Both,CF,No,No,0
Sonnendorf Stars,Florian,Kaya,Turkey,35,185,75,3470905,Both,GK,No,Yes,0
Sonnendorf Stars,Florian,Lehmann,Senegal,33,184,60,9031913,Left,LW,No,Yes,50
Sonnendorf Stars,Patrick,Traoré,Japan,35,166,87,9867911,Right,RWB,No,Yes,41
Sonnendorf Stars,Mamadou,Silva,Brazil,30,200,69,6369408,Both,SS,No,Yes,37
Sonnendorf Stars,Florian,Lehmann,Argentina,21,171,68,1689848,Both,CF,Yes,No,0
Sonnendorf Stars,Yusuf,Becker,Ivory Coast,29,191,86,1449325,Left,RM,No,No,0
Sonnendorf Stars,Santiago,Becker,Poland,35,191,70,7821973,Right,CDM,No,No,4
Sonnendorf Stars,Mamadou,Traoré,Italy,26,181,68,7629898,Both,LM,No,Yes,0
Sonnendorf Stars,Patrick,Becker,Netherlands,16,176,80,2723610,Left,SS,Yes,No,16
Sonnendorf Stars,Mamadou,García,Germany,26,194,78,4613267,Left,ST,No,No,0
Sonnendorf Stars,Yusuf,Huber,Poland,26,172,87,2916580,Left,LW,No,Yes,49
Sonnendorf Stars,Yusuf,Schmidt,Poland,22,176,83,4116501,Left,ST,No,No,0
Sonnendorf Stars,Jonas,Lehmann,France,28,198,90,3968519,Right,SS,Yes,No,0
Ostheim Phoenix,Yusuf,Krämer,Ivory Coast,23,174,64,6209299,Right,CM,Yes,Yes,0
Ostheim Phoenix,Marco,Traoré,Denmark,30,198,82,2941160,Both,RW,Yes,No,0
Ostheim Phoenix,Ismael,Huber,Turkey,28,194,88,4427046,Right,RB,No,No,33
Ostheim Phoenix,Patrick,Müller,Poland,31,183,82,8511427,Left,CDM,No,No,0
Ostheim Phoenix,Mamadou,García,Argentina,23,193,65,7528289,Right,RM,No,No,25
Ostheim Phoenix,Mamadou,Huber,Spain,17,184,78,9128562,Left,RWB,No,No,7
Ostheim Phoenix,Emil,Lehmann,Denmark,27,189,82,2995955,Right,LWB,Yes,No,33
Ostheim Phoenix,Santiago,Kaya,Senegal,32,186,88,2331657,Left,CF,No,Yes,0
Ostheim Phoenix,Ismael,Becker,France,31,199,69,6662929,Left,ST,No,No,0
Ostheim Phoenix,Marco,Schmidt,Poland,32,165,83,9559036,Both,RM,No,No,14
Ostheim Phoenix,Lukas,Müller,Belgium,24,183,77,6181703,Right,CF,No,No,0
Ostheim Phoenix,Marco,Lehmann,Turkey,20,194,80,8763660,Both,LM,Yes,Yes,24
Ostheim Phoenix,Ismael,García,Brazil,16,171,73,8007909,Left,CM,No,No,0
Ostheim Phoenix,Patrick,Larsen,Denmark,16,192,71,1225115,Both,LWB,Yes,Yes,12
Ostheim Phoenix,Lukas,Krämer,Netherlands,24,189,90,9576627,Both,RB,Yes,Yes,0
Ostheim Phoenix,Emil,Krämer,Spain,19,192,80,4230241,Left,SW,No,No,12
Ostheim Phoenix,Jonas,Huber,Italy,34,168,73,5836431,Left,RM,Yes,Yes,0
Ostheim Phoenix,Patrick,Kaya,Ivory Coast,36,187,60,1600269,Left,SS,No,No,0
Ostheim Phoenix,Marco,Huber,Denmark,33,179,79,7525448,Both,SS,No,Yes,0
Kaiserstadt Kings,Ismael,Larsen,Japan,28,166,70,1008410,Right,CAM,Yes,No,6
Kaiserstadt Kings,Patrick,Müller,England,28,183,79,6386605,Both,LWB,Yes,No,29
Kaiserstadt Kings,Emil,Traoré,Brazil,18,180,71,2606436,Both,LWB,No,No,0
Kaiserstadt Kings,Jonas,Becker,England,24,194,85,2740136,Left,LM,Yes,No,0
Kaiserstadt Kings,Yusuf,Schmidt,Ivory Coast,27,179,63,6080464,Left,CF,Yes,No,7
Kaiserstadt Kings,Mamadou,Larsen,Netherlands,17,194,78,4720157,Right,CDM,No,Yes,0
Kaiserstadt Kings,Emil,Becker,France,36,187,88,1048361,Right,GK,Yes,Yes,24
Kaiserstadt Kings,Timo,Krämer,Italy,24,196,67,3104040,Right,ST,Yes,Yes,0
Kaiserstadt Kings,Santiago,Becker,Japan,28,172,75,9131639,Right,SW,Yes,Yes,0
Kaiserstadt Kings,Mamadou,García,Spain,36,198,88,9239555,Right,CF,No,No,0
Kaiserstadt Kings,Ismael,Kaya,Japan,18,193,89,9530320,Right,RM,No,Yes,17
Kaiserstadt Kings,Yusuf,Larsen,Germany,21,172,81,3963281,Right,LM,Yes,No,0
Kaiserstadt Kings,Jonas,Krämer,Ivory Coast,32,182,90,7748973,Left,LB,No,No,25
Kaiserstadt Kings,Santiago,Traoré,Ivory Coast,27,169,62,2749791,Right,LW,Yes,No,0
Kaiserstadt Kings,Marco,Becker,Poland,34,189,86,8740343,Both,CDM,Yes,No,47
Kaiserstadt Kings,Lukas,Becker,Netherlands,23,181,87,3605149,Right,CF,No,No,50
Kaiserstadt Kings,Florian,Krämer,Germany,36,174,86,4666782,Both,CDM,No,No,49
Kaiserstadt Kings,Jonas,Lehmann,Italy,35,183,60,1098127,Left,ST,Yes,Yes,3
Kaiserstadt Kings,Patrick,Krämer,Netherlands,25,194,64,5615279,Left,CDM,No,Yes,0
Kaiserstadt Kings,Jonas,Lehmann,England,32,185,85,1239857,Right,RWB,No,No,49
Kaiserstadt Kings,Mamadou,Becker,Senegal,34,180,64,1528683,Left,SW,No,Yes,0
Kaiserstadt Kings,Marco,García,Japan,25,188,71,1246715,Right,CM,No,No,27
Kaiserstadt Kings,Santiago,Kaya,Italy,22,182,75,5273065,Right,CB,Yes,Yes,2
Bergland Bears,Mamadou,Huber,Italy,35,187,72,5734124,Left,LM,Yes,Yes,0
Bergland Bears,Patrick,Krämer,Ivory Coast,30,194,88,5877019,Both,CB,No,No,37
Bergland Bears,Patrick,Kaya,Senegal,29,177,70,9874247,Left,RM,Yes,No,0
Bergland Bears,Santiago,Lehmann,England,26,197,65,9502528,Left,RM,No,Yes,0
Bergland Bears,Emil,Silva,Brazil,32,194,65,1491133,Left,LWB,Yes,Yes,13
Bergland Bears,Lukas,Larsen,France,22,175,65,8891776,Both,LB,Yes,No,24
Bergland Bears,Florian,Becker,England,32,171,67,5527475,Left,ST,Yes,No,50
Bergland Bears,Mamadou,Traoré,Brazil,19,174,90,4525375,Right,LM,No,Yes,21
Bergland Bears,Lukas,Lehmann,Turkey,27,189,65,7449445,Right,SS,Yes,Yes,0
Bergland Bears,Mamadou,Krämer,Senegal,34,188,63,9778001,Both,SS,No,No,0
Bergland Bears,Ismael,Schmidt,France,16,183,85,8610239,Right,RB,No,Yes,0
Bergland Bears,Mamadou,Traoré,Belgium,20,177,87,7013104,Right,LM,Yes,Yes,46
Bergland Bears,Yusuf,García,Senegal,26,173,79,5666162,Right,LWB,No,No,0
Bergland Bears,Jonas,Traoré,Turkey,19,183,62,8154285,Right,SS,No,No,39
Bergland Bears,Patrick,Kaya,England,30,184,69,4647713,Left,LB,No,Yes,28
Bergland Bears,Emil,Traoré,France,35,180,66,2446255,Both,CB,Yes,No,18
Bergland Bears,Ismael,Lehmann,Senegal,28,189,84,4080340,Left,GK,No,Yes,50
Bergland Bears,Marco,Krämer,Turkey,18,186,64,4179526,Left,CDM,Yes,No,0
Bergland Bears,Jonas,Kaya,Argentina,18,198,85,2688655,Right,RM,No,Yes,0
Bergland Bears,Lukas,García,Italy,19,199,89,7558469,Both,LB,No,Yes,0
Mainburg Lions,Patrick,Lehmann,England,31,175,81,1073854,Left,CB,No,Yes,44
Mainburg Lions,Santiago,Huber,Belgium,31,194,86,8397881,Right,RWB,No,Yes,5
Mainburg Lions,Timo,Krämer,Poland,24,195,87,5478954,Left,RWB,No,No,2
Mainburg Lions,Lukas,Müller,Italy,16,187,76,8247999,Left,LW,Yes,No,0
Mainburg Lions,Patrick,Larsen,Germany,25,165,85,5379934,Both,SS,Yes,No,30
Mainburg Lions,Marco,Larsen,Netherlands,19,171,74,1280663,Left,LW,Yes,No,0
Mainburg Lions,Ismael,Krämer,France,16,194,76,6051772,Right,RB,No,No,14
Mainburg Lions,Marco,Kaya,England,28,182,83,2549373,Right,CM,Yes,No,43
Mainburg Lions,Marco,Larsen,Argentina,26,179,78,4983914,Both,RB,Yes,Yes,0
Mainburg Lions,Patrick,Müller,Poland,28,176,84,6062088,Both,RB,Yes,No,0
Mainburg Lions,Jonas,Silva,Belgium,32,176,85,7897032,Left,RM,No,Yes,27
Mainburg Lions,Mamadou,Traoré,Belgium,24,176,73,1754489,Left,RWB,Yes,No,32
Mainburg Lions,Ismael,García,Netherlands,29,181,65,9855883,Right,SW,Yes,No,0
Mainburg Lions,Mamadou,Becker,Ivory Coast,35,171,87,7883588,Both,RW,Yes,Yes,37
Mainburg Lions,Santiago,Huber,Poland,18,166,73,1862380,Right,LM,No,Yes,6
Mainburg Lions,Emil,Huber,Belgium,21,165,70,6376304,Left,ST,No,Yes,0
Mainburg Lions,Jonas,Müller,Poland,22,177,62,7226723,Right,SS,Yes,Yes,0
Mainburg Lions,Yusuf,Larsen,Japan,26,167,89,8586864,Both,CF,Yes,Yes,0
Mainburg Lions,Yusuf,Lehmann,Poland,32,186,90,8329258,Both,LM,Yes,No,0
Mainburg Lions,Timo,Kaya,Italy,21,195,89,3436814,Right,CDM,No,No,10
Mainburg Lions,Mamadou,Krämer,France,20,190,60,8700890,Right,SW,No,Yes,0
Mainburg Lions,Lukas,Silva,Brazil,31,165,74,9840325,Right,ST,Yes,Yes,0
Mainburg Lions,Ismael,Traoré,England,22,185,72,3506721,Both,SW,Yes,No,28
Alpenheim Warriors,Timo,Krämer,Spain,24,169,81,1906795,Right,CAM,No,No,0
Alpenheim Warriors,Ismael,Müller,Brazil,30,171,72,8251678,Right,CDM,No,No,32
Alpenheim Warriors,Ismael,Silva,Argentina,35,192,73,1438159,Right,CF,Yes,Yes,0
Alpenheim Warriors,Jonas,Müller,Argentina,18,179,69,6541064,Both,SS,No,No,23
Alpenheim Warriors,Jonas,Krämer,Germany,30,199,76,6928601,Left,RW,Yes,Yes,29
Alpenheim Warriors,Florian,Müller,Turkey,16,193,75,7718298,Both,GK,Yes,Yes,30
Alpenheim Warriors,Florian,Krämer,Spain,23,199,73,8091441,Left,LB,No,No,0
Alpenheim Warriors,Emil,García,Japan,25,180,68,9421116,Right,CM,Yes,No,13
Alpenheim Warriors,Marco,Müller,Argentina,22,166,62,9701788,Left,CDM,Yes,Yes,0
Alpenheim Warriors,Ismael,Becker,Italy,35,175,63,8537225,Left,SS,Yes,Yes,0
Alpenheim Warriors,Yusuf,Becker,England,32,167,76,8299354,Both,ST,No,Yes,0
Alpenheim Warriors,Santiago,Silva,Netherlands,35,176,62,4747449,Both,CM,No,No,29
Alpenheim Warriors,Marco,Huber,Ivory Coast,18,171,70,9844052,Left,CB,Yes,Yes,21
Alpenheim Warriors,Jonas,Kaya,Brazil,16,178,88,2944731,Both,LWB,Yes,Yes,2
Alpenheim Warriors,Florian,Becker,Ivory Coast,23,189,75,9709076,Both,RWB,No,Yes,48
Alpenheim Warriors,Patrick,Schmidt,Spain,18,166,75,2865214,Right,CF,Yes,No,0
Alpenheim Warriors,Jonas,Schmidt,Poland,30,189,66,1890158,Both,CM,No,No,0
Alpenheim Warriors,Santiago,Huber,Germany,29,192,64,6593190,Left,SS,No,No,16
Weserwind Wolves,Florian,Huber,Senegal,22,196,71,2802022,Left,ST,No,No,0
Weserwind Wolves,Jonas,Becker,Brazil,36,175,81,9457033,Both,SS,Yes,No,40
Weserwind Wolves,Emil,Kaya,Spain,17,178,90,9248381,Both,CAM,No,Yes,0
Weserwind Wolves,Ismael,Larsen,Ivory Coast,33,181,84,2258041,Both,RM,No,No,24
Weserwind Wolves,Santiago,Huber,Ivory Coast,36,189,86,1088164,Left,CM,No,Yes,2
Weserwind Wolves,Mamadou,Schmidt,Spain,36,182,70,1672218,Left,LM,Yes,Yes,0
Weserwind Wolves,Jonas,Silva,France,36,176,62,8613585,Left,LB,No,Yes,0
Weserwind Wolves,Lukas,Kaya,Poland,26,177,69,3832792,Left,CF,Yes,Yes,0
Weserwind Wolves,Lukas,Huber,Turkey,22,184,75,5284531,Right,SS,Yes,Yes,3
Weserwind Wolves,Patrick,Lehmann,Ivory Coast,36,194,76,6951691,Right,CB,No,Yes,48
Weserwind Wolves,Lukas,Silva,Netherlands,28,181,69,5024382,Right,LB,Yes,Yes,0
Weserwind Wolves,Santiago,Krämer,Japan,25,193,64,2476396,Both,LM,Yes,Yes,0
Weserwind Wolves,Yusuf,Müller,Spain,17,187,60,2151584,Left,SS,No,Yes,0
Weserwind Wolves,Florian,Krämer,Belgium,22,180,76,5249121,Left,SW,Yes,Yes,8
Weserwind Wolves,Yusuf,Lehmann,France,20,181,72,7003409,Left,RW,No,No,25
Weserwind Wolves,Patrick,Becker,Poland,20,180,61,9800276,Right,RWB,No,No,8
Weserwind Wolves,Patrick,Krämer,Spain,30,181,81,1598186,Right,SW,No,No,0
Weserwind Wolves,Jonas,Müller,Senegal,32,168,78,3480329,Left,LM,Yes,Yes,21
Weserwind Wolves,Yusuf,Lehmann,Denmark,18,192,61,7942658,Left,SW,Yes,No,7
Eisbach Falcons,Lukas,Müller,Belgium,18,180,68,8577252,Left,CDM,No,Yes,0
Eisbach Falcons,Timo,Müller,Denmark,33,176,70,5548665,Both,CF,Yes,Yes,0
Eisbach Falcons,Marco,Traoré,Italy,23,180,78,2094625,Right,SW,Yes,Yes,30
Eisbach Falcons,Santiago,Larsen,England,30,165,63,8158783,Left,CAM,No,No,0
Eisbach Falcons,Patrick,Lehmann,England,32,165,63,2067770,Left,RB,Yes,No,44
Eisbach Falcons,Emil,Krämer,Senegal,31,175,83,3213940,Both,LWB,No,Yes,23
Eisbach Falcons,Florian,Kaya,Japan,23,166,86,6477972,Both,RB,Yes,No,26
Eisbach Falcons,Emil,García,Netherlands,35,186,64,4851454,Right,SS,No,No,49
Eisbach Falcons,Patrick,Schmidt,England,30,195,81,9885624,Both,LB,No,Yes,0
Eisbach Falcons,Jonas,Schmidt,Netherlands,22,186,76,6453922,Right,SS,Yes,Yes,0
Eisbach Falcons,Lukas,Traoré,Brazil,32,166,75,3054829,Both,LB,No,No,43
Eisbach Falcons,Marco,Kaya,Senegal,32,166,65,3349465,Both,RM,No,No,0
Eisbach Falcons,Yusuf,Becker,England,27,195,74,2161938,Right,SS,Yes,Yes,0
Eisbach Falcons,Ismael,Traoré,Italy,35,191,78,4116171,Right,SS,Yes,No,15
Eisbach Falcons,Jonas,Becker,Turkey,25,179,73,4121834,Right,LWB,No,Yes,28
Eisbach Falcons,Mamadou,Krämer,France,25,185,65,5880494,Left,LB,No,No,0
Eisbach Falcons,Ismael,Schmidt,Netherlands,27,184,87,7173769,Both,CAM,No,Yes,32
Eisbach Falcons,Lukas,Lehmann,England,36,167,60,8410243,Both,LWB,Yes,Yes,6
Eisbach Falcons,Yusuf,Larsen,Italy,32,182,60,2045510,Left,SW,No,Yes,20
Eisbach Falcons,Ismael,Lehmann,Netherlands,20,194,71,8701734,Both,RM,No,Yes,0
Eisbach Falcons,Timo,Traoré,Turkey,36,181,69,9142139,Both,LM,No,No,0
Eisbach Falcons,Emil,Lehmann,England,25,178,66,6661878,Both,RWB,Yes,No,0
Hafenstadt Mariners,Yusuf,Krämer,Germany,17,185,90,6423802,Left,GK,No,No,0
Hafenstadt Mariners,Yusuf,García,Brazil,27,200,63,6105216,Left,RB,Yes,No,0
Hafenstadt Mariners,Patrick,Schmidt,Belgium,31,185,70,3338883,Both,RM,No,No,13
Hafenstadt Mariners,Ismael,Larsen,Brazil,26,165,71,9545929,Right,SS,Yes,Yes,0
Hafenstadt Mariners,Emil,García,Senegal,34,200,61,6152034,Right,CM,No,Yes,0
Hafenstadt Mariners,Florian,Kaya,Netherlands,36,182,79,5341663,Both,RWB,No,Yes,0
Hafenstadt Mariners,Mamadou,Larsen,Italy,25,172,85,8236879,Both,CAM,No,No,0
Hafenstadt Mariners,Timo,Lehmann,Belgium,31,175,78,2677220,Right,LWB,No,Yes,44
Hafenstadt Mariners,Patrick,Huber,Brazil,27,183,69,8297205,Both,CB,Yes,Yes,44
Hafenstadt Mariners,Lukas,Lehmann,France,20,177,76,5432744,Both,SW,Yes,No,34
Hafenstadt Mariners,Patrick,García,Poland,24,188,69,8130251,Both,SS,No,Yes,0
Hafenstadt Mariners,Timo,Krämer,Spain,17,168,70,2219425,Both,LM,No,No,39
Hafenstadt Mariners,Jonas,Müller,Turkey,20,191,69,1850785,Right,RW,Yes,Yes,40
Hafenstadt Mariners,Yusuf,Schmidt,Senegal,27,167,78,2668715,Right,RWB,No,Yes,25
Hafenstadt Mariners,Patrick,Becker,England,21,178,66,4357239,Left,CM,Yes,Yes,0
Hafenstadt Mariners,Timo,Krämer,Ivory Coast,18,176,64,1410442,Right,RWB,No,Yes,10
Hafenstadt Mariners,Marco,Traoré,Ivory Coast,20,171,86,7619523,Left,CDM,No,No,0
Hafenstadt Mariners,Ismael,Krämer,Brazil,26,176,86,5285996,Both,LW,Yes,Yes,0
Hafenstadt Mariners,Patrick,Müller,Turkey,18,189,62,6146599,Right,RWB,Yes,No,0
Hafenstadt Mariners,Lukas,Krämer,Spain,33,175,72,6101739,Both,CDM,Yes,Yes,0
Hafenstadt Mariners,Patrick,Schmidt,Brazil,27,197,90,3469080,Both,CM,No,Yes,0
Hafenstadt Mariners,Marco,Huber,Brazil,31,179,64,1181397,Left,CDM,Yes,Yes,0
Hafenstadt Mariners,Timo,Lehmann,Poland,22,176,67,5814406,Both,CDM,No,Yes,0
Donnerwald Thunder,Florian,Traoré,Senegal,29,165,79,5507976,Both,LM,Yes,Yes,3
Donnerwald Thunder,Mamadou,Larsen,France,34,175,75,2515143,Left,LB,No,No,0
Donnerwald Thunder,Timo,Kaya,Belgium,30,178,74,3739005,Right,LW,No,Yes,0
Donnerwald Thunder,Marco,Larsen,Belgium,17,192,77,9439928,Left,ST,No,No,0
Donnerwald Thunder,Florian,Kaya,Argentina,31,167,67,5676449,Both,SS,Yes,Yes,0
Donnerwald Thunder,Marco,García,France,26,175,70,7468998,Right,RWB,Yes,Yes,0
Donnerwald Thunder,Emil,Lehmann,Germany,29,196,77,9445166,Right,RW,Yes,No,0
Donnerwald Thunder,Yusuf,Kaya,Belgium,20,167,82,7973145,Both,LW,No,No,31
Donnerwald Thunder,Emil,Müller,Denmark,35,173,90,6632761,Left,LM,Yes,Yes,31
Donnerwald Thunder,Florian,Silva,Germany,26,171,86,1267285,Both,LW,Yes,No,0
Donnerwald Thunder,Emil,Lehmann,Poland,19,188,63,3103354,Left,LW,Yes,No,0
Donnerwald Thunder,Patrick,Larsen,Germany,29,167,66,7360724,Left,CM,Yes,No,0
Donnerwald Thunder,Marco,Krämer,Spain,17,187,68,3821043,Left,ST,No,No,37
Donnerwald Thunder,Lukas,García,Brazil,19,193,61,2669416,Left,CDM,No,No,9
Donnerwald Thunder,Lukas,Müller,Ivory Coast,23,197,83,7665840,Right,RM,No,Yes,44
Donnerwald Thunder,Ismael,Kaya,Ivory Coast,17,195,67,8895237,Both,SS,No,Yes,45
Donnerwald Thunder,Lukas,Krämer,Denmark,33,165,60,4359680,Both,CF,No,No,0
Donnerwald Thunder,Marco,Lehmann,Belgium,22,169,65,2013812,Right,CB,Yes,No,45
Hansestadt Gladiators,Timo,Lehmann,England,18,188,76,9261211,Both,CF,Yes,Yes,34
Hansestadt Gladiators,Marco,Lehmann,Spain,34,166,69,9033093,Right,GK,No,Yes,37
Hansestadt Gladiators,Emil,Silva,Denmark,35,186,65,6601078,Both,SS,No,No,24
Hansestadt Gladiators,Patrick,Silva,Belgium,27,188,60,9232032,Both,SW,No,Yes,0
Hansestadt Gladiators,Ismael,Huber,Poland,35,171,85,7716507,Right,CDM,No,Yes,38
Hansestadt Gladiators,Florian,Traoré,Denmark,28,173,68,8153178,Both,SS,Yes,No,0
Hansestadt Gladiators,Emil,Traoré,England,26,199,80,2883754,Left,RWB,No,No,25
Hansestadt Gladiators,Mamadou,Müller,France,27,174,61,6061770,Both,ST,No,Yes,46
Hansestadt Gladiators,Yusuf,Kaya,Senegal,20,165,64,4750147,Both,CF,Yes,No,0
Hansestadt Gladiators,Jonas,Huber,Senegal,21,191,85,7853084,Left,SW,Yes,No,0
Hansestadt Gladiators,Emil,García,Germany,26,166,67,2869929,Left,LM,No,Yes,0
Hansestadt Gladiators,Emil,Huber,Senegal,27,173,78,5299999,Both,CDM,No,Yes,0
Hansestadt Gladiators,Lukas,Larsen,Brazil,27,170,64,9292346,Right,GK,No,No,0
Hansestadt Gladiators,Mamadou,Becker,Brazil,35,196,67,2257037,Right,LWB,No,No,0
Hansestadt Gladiators,Ismael,Kaya,Italy,31,176,72,5020178,Left,GK,No,Yes,0
Hansestadt Gladiators,Florian,Larsen,Italy,21,197,86,4184815,Both,SS,Yes,No,0
Hansestadt Gladiators,Patrick,Larsen,Poland,22,183,83,4761967,Right,LM,Yes,No,0
Hansestadt Gladiators,Marco,Becker,Japan,27,166,64,8514424,Both,RM,No,No,0
Hansestadt Gladiators,Emil,Traoré,Denmark,25,166,71,7341309,Right,LWB,Yes,No,0
Hansestadt Gladiators,Marco,Krämer,Poland,24,196,85,3498877,Right,LM,Yes,Yes,0
Hansestadt Gladiators,Jonas,Lehmann,Belgium,17,188,90,5668590,Right,ST,Yes,No,19
Hansestadt Gladiators,Patrick,Silva,Netherlands,34,192,61,5753542,Both,CB,Yes,Yes,0
Elbwelle Titans,Marco,Schmidt,Brazil,26,169,66,1052934,Both,RM,No,Yes,0
Elbwelle Titans,Timo,Huber,Turkey,22,198,81,4481277,Right,CM,No,No,0
Elbwelle Titans,Mamadou,Schmidt,Netherlands,24,172,86,1060443,Left,CAM,Yes,No,24
Elbwelle Titans,Florian,Schmidt,Poland,33,165,66,3983733,Both,CAM,No,No,0
Elbwelle Titans,Florian,García,Argentina,30,193,84,7572784,Both,CM,No,No,0
Elbwelle Titans,Jonas,Larsen,Argentina,33,172,68,2031313,Right,LB,No,Yes,49
Elbwelle Titans,Jonas,Huber,Poland,31,183,65,9014571,Both,RB,Yes,Yes,0
Elbwelle Titans,Ismael,García,Italy,17,182,61,7527482,Both,GK,No,Yes,5
Elbwelle Titans,Yusuf,Schmidt,Turkey,22,172,82,4710278,Left,RW,No,Yes,16
Elbwelle Titans,Mamadou,Müller,Turkey,25,175,80,1438338,Both,RB,No,Yes,46
Elbwelle Titans,Ismael,Traoré,France,33,177,67,4971302,Left,CB,Yes,No,0
Elbwelle Titans,Lukas,Lehmann,England,26,185,60,6216324,Right,CAM,No,No,40
Elbwelle Titans,Mamadou,Silva,Netherlands,17,171,73,4045339,Both,CAM,Yes,No,15
Elbwelle Titans,Jonas,Silva,England,33,174,83,7472436,Right,CAM,Yes,Yes,44
Elbwelle Titans,Mamadou,Huber,Turkey,17,198,71,7336571,Left,LB,No,Yes,19
Elbwelle Titans,Mamadou,Lehmann,Italy,20,187,75,6618689,Right,LB,Yes,No,24
Elbwelle Titans,Mamadou,Becker,Poland,27,178,60,2575042,Both,CB,No,No,0
Elbwelle Titans,Emil,Becker,Brazil,29,189,70,4008870,Left,GK,No,Yes,0
Elbwelle Titans,Florian,Schmidt,Poland,26,179,67,1609888,Both,SS,No,No,27
Elbwelle Titans,Emil,Schmidt,Italy,27,165,62,1619972,Both,CB,No,No,25
Elbwelle Titans,Ismael,Silva,Spain,33,183,75,2972468,Both,CF,No,No,0
Elbwelle Titans,Santiago,Krämer,Italy,34,198,78,8477240,Left,LB,Yes,No,0
