Match Day Number,Date of the Game,Home Team,Away Team,Result,Goal Scorers,Yellow Cards,Yellow Card Players,Red Cards,Red Card Players,Attendance
1,2023-08-18 20:30,Bergland Bears,Mainburg Lions,5-2,"Yusuf Larsen, Patrick Kaya, Mamadou Traoré, Timo Kaya, Lukas Lehmann, Yusuf Lehmann, Santiago Huber",3,"Marco Larsen, Jonas Traoré, Lukas García",1,Lukas Larsen,19545
1,2023-08-18 15:30,Rheinblick Rovers,Sonnendorf Stars,3-3,"Lukas Silva, Santiago Becker, Mamadou García, Ismael Schmidt, Mamadou Traoré, Yusuf García",0,,0,,44477
1,2023-08-18 15:30,Blitzstadt Lightning,Elbwelle Titans,4-3,"Mamadou Silva, Florian García, Santiago Larsen, Florian Schmidt, Ismael García, Ismael Silva, Santiago Müller",3,"Lukas Lehmann, Jonas Silva, Timo Krämer",0,,42453
1,2023-08-18 15:30,Donnerwald Thunder,Eisbach Falcons,1-2,"Emil Lehmann, Lukas Traoré, Patrick Larsen",3,"Patrick Larsen, Jonas Schmidt, Timo Kaya",1,Lukas Müller,26008
1,2023-08-18 15:30,Adlerstadt Eagles,Ostheim Phoenix,5-3,"Florian Müller, Patrick Larsen, Santiago Müller, Florian Becker, Timo Krämer, Yusuf Krämer, Ismael García, Marco Huber",2,"Ismael Becker, Mamadou Larsen",0,,69464
1,2023-08-18 15:30,Schwarzwald Strikers,Kaiserstadt Kings,5-5,"Mamadou Krämer, Santiago Becker, Jonas Krämer, Emil Lehmann, Patrick Krämer, Santiago Traoré, Jonas Lehmann, Patrick Silva, Marco Becker, Timo Krämer",1,Timo Krämer,1,Mamadou Huber,34471
1,2023-08-18 18:30,Bayerhafen Dynamo,Hansestadt Gladiators,4-1,"Ismael Müller, Ismael Huber, Jonas Huber, Emil Silva, Santiago Kaya",3,"Ismael Müller, Timo Lehmann, Jonas Schmidt",1,Patrick Larsen,58573
1,2023-08-18 15:30,Weserwind Wolves,Hafenstadt Mariners,0-2,"Jonas Müller, Patrick Schmidt",0,,0,,35218
1,2023-08-18 17:30,Alpenheim Warriors,Nordsee Navigators,4-3,"Ismael Silva, Marco Schmidt, Santiago Silva, Ismael Kaya, Jonas Huber, Florian Huber, Jonas Krämer",2,"Patrick Schmidt, Jonas Kaya",1,Jonas Kaya,19880
2,2023-08-25 20:30,Blitzstadt Lightning,Donnerwald Thunder,5-4,"Lukas Müller, Mamadou Larsen, Lukas Müller, Emil Müller, Ismael Becker, Ismael Silva, Lukas Krämer, Lukas Huber, Timo Krämer",4,"Yusuf Kaya, Florian Becker, Yusuf Lehmann, Emil Larsen",0,,37148
2,2023-08-25 15:30,Kaiserstadt Kings,Rheinblick Rovers,1-4,"Yusuf Schmidt, Jonas Becker, Patrick Krämer, Patrick Krämer, Marco Schmidt",3,"Ismael Krämer, Yusuf Schmidt, Jonas Krämer",0,,51283
2,2023-08-25 15:30,Sonnendorf Stars,Bergland Bears,4-3,"Timo Silva, Mamadou García, Jonas Traoré, Patrick Krämer, Florian Silva, Mamadou Krämer, Patrick Kaya",4,"Florian Lehmann, Patrick Krämer, Lukas Larsen, Marco Krämer",0,,31701
2,2023-08-25 15:30,Hafenstadt Mariners,Schwarzwald Strikers,1-2,"Timo Lehmann, Lukas Krämer, Timo Krämer",3,"Santiago Müller, Timo Müller, Lukas Müller",0,,34487
2,2023-08-25 15:30,Weserwind Wolves,Nordsee Navigators,3-1,"Emil Lehmann, Florian Huber, Jonas Silva, Marco Schmidt",2,"Yusuf Lehmann, Emil Huber",1,Patrick Becker,30286
2,2023-08-25 15:30,Elbwelle Titans,Hansestadt Gladiators,2-2,"Lukas Larsen, Mamadou Müller, Emil Becker, Florian Traoré",0,,1,Emil Traoré,22138
2,2023-08-25 18:30,Adlerstadt Eagles,Eisbach Falcons,5-2,"Florian Larsen, Lukas Silva, Marco Kaya, Marco Huber, Ismael Traoré, Emil García, Santiago Lehmann",0,,1,Marco Huber,68265
2,2023-08-25 15:30,Bayerhafen Dynamo,Alpenheim Warriors,5-2,"Jonas Schmidt, Jonas Schmidt, Ismael Silva, Jonas Huber, Jonas Müller, Patrick Lehmann, Emil Becker",1,Yusuf Lehmann,1,Jonas Krämer,46239
2,2023-08-25 17:30,Ostheim Phoenix,Mainburg Lions,5-1,"Patrick Müller, Yusuf Krämer, Marco Lehmann, Lukas Müller, Patrick Lehmann, Emil Huber",1,Patrick Kaya,0,,25573
3,2023-09-01 20:30,Mainburg Lions,Kaiserstadt Kings,3-3,"Jonas Krämer, Lukas Müller, Santiago Huber, Ismael Kaya, Ismael Larsen, Jonas Becker",1,Jonas Becker,0,,48363
3,2023-09-01 15:30,Elbwelle Titans,Hafenstadt Mariners,3-4,"Patrick García, Mamadou Müller, Yusuf Krämer, Ismael Krämer, Florian Schmidt, Timo Huber, Lukas Krämer",3,"Ismael Traoré, Yusuf Schmidt, Patrick Schmidt",0,,21085
3,2023-09-01 15:30,Bergland Bears,Eisbach Falcons,5-5,"Santiago Larsen, Ismael Schmidt, Lukas García, Jonas Becker, Emil Traoré, Ismael Schmidt, Ismael Lehmann, Jonas Traoré, Jonas Schmidt, Mamadou Krämer",1,Santiago Larsen,0,,17934
3,2023-09-01 15:30,Rheinblick Rovers,Alpenheim Warriors,1-3,"Patrick Schmidt, Ismael Schmidt, Marco Huber, Emil Silva",0,,1,Ismael Silva,43718
3,2023-09-01 15:30,Nordsee Navigators,Blitzstadt Lightning,5-4,"Lukas Silva, Florian Becker, Florian Larsen, Santiago Huber, Florian Huber, Emil Larsen, Emil Lehmann, Lukas Huber, Patrick Schmidt",3,"Timo Krämer, Yusuf Müller, Santiago Müller",1,Marco Huber,39874
3,2023-09-01 15:30,Schwarzwald Strikers,Bayerhafen Dynamo,1-4,"Emil Silva, Emil Larsen, Mamadou Krämer, Mamadou Krämer, Santiago Kaya",0,,0,,30590
3,2023-09-01 18:30,Adlerstadt Eagles,Sonnendorf Stars,5-4,"Jonas Lehmann, Timo Silva, Florian Lehmann, Yusuf Becker, Jonas Silva, Florian Silva, Florian Lehmann, Mamadou García, Lukas Müller",2,"Mamadou García, Ismael García",0,,56643
3,2023-09-01 15:30,Donnerwald Thunder,Weserwind Wolves,1-4,"Patrick Becker, Yusuf Müller, Ismael Larsen, Patrick Larsen, Marco Krämer",2,"Marco García, Lukas García",0,,24118
3,2023-09-01 17:30,Hansestadt Gladiators,Ostheim Phoenix,1-3,"Emil Lehmann, Marco Lehmann, Jonas Huber, Marco Traoré",2,"Ismael Huber, Emil Silva",1,Emil Huber,40205
4,2023-09-08 20:30,Hansestadt Gladiators,Adlerstadt Eagles,0-5,"Yusuf Huber, Lukas Silva, Ismael Kaya, Patrick Silva, Jonas Kaya",4,"Mamadou Müller, Patrick Larsen, Jonas Huber, Timo Lehmann",1,Marco Krämer,33079
4,2023-09-08 15:30,Mainburg Lions,Rheinblick Rovers,3-4,"Ismael Traoré, Florian Traoré, Santiago Lehmann, Mamadou Silva, Patrick Krämer, Marco Larsen, Emil Huber",0,,0,,44023
4,2023-09-08 15:30,Weserwind Wolves,Bayerhafen Dynamo,4-0,"Santiago Huber, Timo Huber, Lukas Huber, Santiago Krämer",0,,0,,34089
4,2023-09-08 15:30,Elbwelle Titans,Ostheim Phoenix,5-1,"Ismael García, Emil Schmidt, Santiago Kaya, Lukas Krämer, Ismael García, Jonas Larsen",1,Yusuf Schmidt,0,,23784
4,2023-09-08 15:30,Hafenstadt Mariners,Eisbach Falcons,4-3,"Marco Huber, Timo Müller, Patrick García, Yusuf Schmidt, Jonas Becker, Lukas Lehmann, Ismael Traoré",0,,1,Lukas Lehmann,33782
4,2023-09-08 15:30,Alpenheim Warriors,Blitzstadt Lightning,2-1,"Ismael Silva, Emil García, Santiago Huber",1,Lukas Müller,0,,24293
4,2023-09-08 18:30,Nordsee Navigators,Kaiserstadt Kings,1-1,"Patrick Schmidt, Ismael Larsen",4,"Jonas Lehmann, Mamadou Larsen, Jonas Becker, Jonas Krämer",1,Jonas Lehmann,29435
4,2023-09-08 15:30,Schwarzwald Strikers,Sonnendorf Stars,5-2,"Florian Lehmann, Jonas Lehmann, Emil Silva, Mamadou Traoré, Patrick Silva, Patrick Traoré, Florian Lehmann",3,"Yusuf Becker, Timo Müller, Lukas Müller",1,Mamadou Traoré,30850
4,2023-09-08 17:30,Donnerwald Thunder,Bergland Bears,2-1,"Marco Krämer, Lukas Krämer, Marco Krämer",2,"Marco Larsen, Lukas Müller",1,Patrick Kaya,27014
5,2023-09-15 20:30,Eisbach Falcons,Hansestadt Gladiators,2-4,"Timo Traoré, Jonas Huber, Mamadou Becker, Emil Huber, Lukas Traoré, Marco Kaya",4,"Emil García, Mamadou Müller, Jonas Huber, Lukas Müller",1,Lukas Larsen,17697
5,2023-09-15 15:30,Donnerwald Thunder,Schwarzwald Strikers,5-2,"Santiago Silva, Ismael Schmidt, Mamadou Huber, Emil Müller, Mamadou Krämer, Santiago Huber, Emil Lehmann",4,"Santiago Huber, Emil Lehmann, Santiago Silva, Yusuf Kaya",0,,23711
5,2023-09-15 15:30,Mainburg Lions,Kaiserstadt Kings,5-3,"Santiago Kaya, Emil Becker, Jonas Silva, Santiago Huber, Lukas Becker, Timo Kaya, Mamadou Larsen, Jonas Lehmann",3,"Lukas Müller, Marco Larsen, Marco García",1,Emil Huber,42889
5,2023-09-15 15:30,Rheinblick Rovers,Adlerstadt Eagles,4-5,"Florian García, Marco Schmidt, Lukas Silva, Emil Silva, Yusuf García, Jonas Silva, Marco Huber, Patrick Krämer, Patrick Krämer",3,"Florian García, Mamadou Larsen, Florian Larsen",0,,40460
5,2023-09-15 15:30,Bergland Bears,Nordsee Navigators,3-4,"Lukas García, Marco Huber, Patrick Kaya, Jonas Huber, Patrick Krämer, Florian Huber, Ismael Lehmann",0,,0,,16225
5,2023-09-15 15:30,Elbwelle Titans,Alpenheim Warriors,5-0,"Yusuf Becker, Marco Müller, Timo Huber, Emil Becker, Ismael Silva",3,"Emil Becker, Mamadou Huber, Florian García",1,Marco Huber,20093
5,2023-09-15 18:30,Hafenstadt Mariners,Weserwind Wolves,0-4,"Patrick Schmidt, Jonas Müller, Timo Krämer, Florian Kaya",1,Patrick Schmidt,1,Mamadou Larsen,34436
5,2023-09-15 15:30,Ostheim Phoenix,Blitzstadt Lightning,4-5,"Timo Krämer, Lukas Huber, Florian Kaya, Mamadou Larsen, Florian Becker, Jonas Huber, Lukas Krämer, Lukas Müller, Emil Lehmann",1,Emil Krämer,1,Emil Larsen,30486
5,2023-09-15 17:30,Bayerhafen Dynamo,Sonnendorf Stars,2-4,"Mamadou Krämer, Patrick Larsen, Jonas Traoré, Marco Lehmann, Timo Huber, Lukas Huber",4,"Yusuf Becker, Patrick Lehmann, Patrick Larsen, Emil Larsen",0,,46147
6,2023-09-22 20:30,Elbwelle Titans,Ostheim Phoenix,3-5,"Timo Huber, Yusuf Schmidt, Marco Traoré, Florian García, Patrick Kaya, Mamadou Becker, Jonas Silva, Emil Lehmann",1,Lukas Lehmann,1,Marco Huber,18274
6,2023-09-22 15:30,Kaiserstadt Kings,Schwarzwald Strikers,5-3,"Jonas Becker, Mamadou García, Timo García, Santiago Traoré, Yusuf Schmidt, Mamadou Huber, Mamadou Becker, Ismael Schmidt",1,Ismael Schmidt,0,,43436
6,2023-09-22 15:30,Mainburg Lions,Nordsee Navigators,2-1,"Florian Lehmann, Santiago Huber, Yusuf Müller",3,"Yusuf Larsen, Florian Huber, Florian Huber",1,Florian Lehmann,44117
6,2023-09-22 15:30,Blitzstadt Lightning,Weserwind Wolves,5-2,"Yusuf Lehmann, Ismael Larsen, Santiago Larsen, Jonas Müller, Patrick Becker, Lukas Huber, Patrick Krämer",3,"Marco Traoré, Jonas Becker, Santiago Krämer",0,,41459
6,2023-09-22 15:30,Hafenstadt Mariners,Sonnendorf Stars,5-2,"Patrick Schmidt, Lukas Lehmann, Yusuf García, Jonas Müller, Mamadou García, Marco Traoré, Yusuf Becker",3,"Marco Traoré, Timo Krämer, Ismael Larsen",1,Yusuf Schmidt,36886
6,2023-09-22 15:30,Hansestadt Gladiators,Bergland Bears,0-5,"Emil Traoré, Mamadou Traoré, Mamadou Huber, Emil Traoré, Emil Silva",3,"Ismael Kaya, Jonas Traoré, Marco Krämer",0,,45086
6,2023-09-22 18:30,Donnerwald Thunder,Eisbach Falcons,1-3,"Yusuf Becker, Lukas Lehmann, Lukas Müller, Yusuf Kaya",3,"Ismael Traoré, Marco Kaya, Patrick Lehmann",1,Ismael Kaya,28025
6,2023-09-22 15:30,Alpenheim Warriors,Bayerhafen Dynamo,2-0,"Mamadou Krämer, Ismael Müller",1,Santiago Huber,1,Emil Müller,24769
6,2023-09-22 17:30,Adlerstadt Eagles,Rheinblick Rovers,1-2,"Mamadou Kaya, Santiago Müller, Marco Huber",3,"Emil Silva, Jonas Lehmann, Florian Larsen",1,Jonas Lehmann,71247
7,2023-09-29 20:30,Ostheim Phoenix,Mainburg Lions,4-3,"Patrick Larsen, Lukas Silva, Timo Krämer, Mamadou Krämer, Marco Lehmann, Mamadou Traoré, Santiago Huber",3,"Ismael Krämer, Timo Krämer, Ismael Huber",0,,33431
7,2023-09-29 15:30,Rheinblick Rovers,Adlerstadt Eagles,2-2,"Florian Traoré, Florian Larsen, Santiago Silva, Jonas Silva",3,"Jonas Kaya, Timo Becker, Florian Larsen",1,Santiago Traoré,45384
7,2023-09-29 15:30,Bayerhafen Dynamo,Bergland Bears,2-5,"Emil Traoré, Emil Müller, Mamadou Traoré, Florian Becker, Ismael Lehmann, Emil Larsen, Mamadou Traoré",3,"Mamadou Krämer, Mamadou Huber, Lukas Huber",1,Patrick Krämer,44065
7,2023-09-29 15:30,Elbwelle Titans,Blitzstadt Lightning,3-5,"Jonas Huber, Florian Silva, Florian Schmidt, Florian Schmidt, Ismael Silva, Ismael Traoré, Jonas Silva, Mamadou Müller",4,"Jonas Larsen, Emil Larsen, Mamadou Schmidt, Florian Kaya",0,,20485
7,2023-09-29 15:30,Kaiserstadt Kings,Hansestadt Gladiators,5-1,"Patrick Larsen, Yusuf Schmidt, Emil Huber, Patrick Krämer, Emil Traoré, Jonas Krämer",3,"Emil Silva, Marco Krämer, Patrick Silva",0,,47149
7,2023-09-29 15:30,Nordsee Navigators,Donnerwald Thunder,4-1,"Lukas García, Florian Traoré, Yusuf Kaya, Ismael Kaya, Florian Huber",1,Patrick Schmidt,1,Lukas García,35313
7,2023-09-29 18:30,Weserwind Wolves,Hafenstadt Mariners,1-3,"Lukas Krämer, Marco Traoré, Santiago Huber, Yusuf Krämer",4,"Patrick Becker, Patrick Müller, Lukas Lehmann, Ismael Larsen",1,Timo Lehmann,35445
7,2023-09-29 15:30,Schwarzwald Strikers,Sonnendorf Stars,1-5,"Florian Lehmann, Timo Müller, Florian Kaya, Ismael Schmidt, Patrick Traoré, Yusuf Schmidt",0,,0,,32150
7,2023-09-29 17:30,Alpenheim Warriors,Eisbach Falcons,0-1,Yusuf Becker,0,,0,,27699
8,2023-10-06 20:30,Adlerstadt Eagles,Schwarzwald Strikers,2-5,"Jonas Kaya, Florian Larsen, Lukas Silva, Timo Müller, Lukas Müller, Timo Müller, Ismael Müller",1,Jonas Silva,0,,70975
8,2023-10-06 15:30,Hansestadt Gladiators,Hafenstadt Mariners,4-4,"Lukas Larsen, Yusuf Krämer, Jonas Müller, Yusuf García, Mamadou Müller, Timo Lehmann, Yusuf Kaya, Timo Lehmann",2,"Ismael Larsen, Patrick Silva",1,Emil Huber,35730
8,2023-10-06 15:30,Eisbach Falcons,Nordsee Navigators,0-2,"Jonas Becker, Patrick Schmidt",4,"Marco Schmidt, Patrick Lehmann, Santiago Larsen, Florian Huber",0,,17864
8,2023-10-06 15:30,Elbwelle Titans,Alpenheim Warriors,1-4,"Timo Krämer, Jonas Krämer, Santiago Huber, Santiago Krämer, Jonas Larsen",3,"Yusuf Becker, Ismael Becker, Yusuf Schmidt",0,,23934
8,2023-10-06 15:30,Bayerhafen Dynamo,Donnerwald Thunder,1-1,"Yusuf Kaya, Ismael Müller",4,"Florian Kaya, Emil Huber, Ismael Krämer, Marco Krämer",0,,60594
8,2023-10-06 15:30,Ostheim Phoenix,Weserwind Wolves,1-4,"Santiago Huber, Marco Lehmann, Santiago Kaya, Marco Huber, Lukas Müller",3,"Mamadou Schmidt, Lukas Krämer, Lukas Müller",0,,24993
8,2023-10-06 18:30,Sonnendorf Stars,Rheinblick Rovers,0-5,"Emil Traoré, Patrick Becker, Patrick Traoré, Ismael Krämer, Jonas Traoré",2,"Patrick Krämer, Yusuf Huber",1,Ismael Huber,27328
8,2023-10-06 15:30,Blitzstadt Lightning,Mainburg Lions,2-4,"Patrick Larsen, Patrick Müller, Lukas Silva, Santiago Müller, Yusuf Larsen, Emil Becker",3,"Florian Kaya, Mamadou Krämer, Ismael Krämer",1,Timo Krämer,36803
8,2023-10-06 17:30,Bergland Bears,Kaiserstadt Kings,5-4,"Yusuf García, Patrick Müller, Emil Traoré, Mamadou Becker, Marco Krämer, Emil Becker, Ismael Kaya, Mamadou García, Lukas García",2,"Marco Becker, Lukas Larsen",1,Jonas Lehmann,15156
9,2023-10-13 20:30,Rheinblick Rovers,Eisbach Falcons,4-5,"Marco Traoré, Patrick Kaya, Emil Traoré, Yusuf Becker, Lukas Traoré, Santiago Silva, Patrick Lehmann, Patrick Krämer, Emil Krämer",0,,0,,40385
9,2023-10-13 15:30,Hansestadt Gladiators,Bayerhafen Dynamo,2-0,"Emil Krämer, Marco Krämer",0,,0,,44217
9,2023-10-13 15:30,Hafenstadt Mariners,Weserwind Wolves,5-5,"Santiago Huber, Mamadou Schmidt, Lukas Lehmann, Lukas Kaya, Marco Traoré, Florian Krämer, Yusuf Lehmann, Florian Kaya, Patrick Becker, Yusuf Schmidt",1,Patrick Lehmann,1,Lukas Krämer,28517
9,2023-10-13 15:30,Schwarzwald Strikers,Sonnendorf Stars,3-1,"Florian Lehmann, Santiago Kaya, Timo García, Yusuf Lehmann",0,,0,,28144
9,2023-10-13 15:30,Ostheim Phoenix,Kaiserstadt Kings,3-2,"Lukas Krämer, Ismael Becker, Marco Schmidt, Ismael Larsen, Emil Lehmann",1,Ismael Huber,1,Emil Krämer,25787
9,2023-10-13 15:30,Mainburg Lions,Adlerstadt Eagles,2-2,"Lukas Müller, Marco Huber, Santiago Huber, Lukas Silva",1,Marco Kaya,0,,48232
9,2023-10-13 18:30,Donnerwald Thunder,Bergland Bears,2-0,"Lukas Krämer, Emil Traoré",1,Lukas García,1,Emil Traoré,26933
9,2023-10-13 15:30,Nordsee Navigators,Alpenheim Warriors,1-3,"Ismael Kaya, Patrick Schmidt, Florian Becker, Florian Krämer",2,"Marco Huber, Marco Schmidt",1,Patrick Schmidt,34360
9,2023-10-13 17:30,Blitzstadt Lightning,Elbwelle Titans,0-1,Lukas García,0,,0,,43430
10,2023-10-20 20:30,Alpenheim Warriors,Blitzstadt Lightning,3-0,"Marco Müller, Timo Krämer, Lukas Huber",1,Yusuf Lehmann,0,,27976
10,2023-10-20 15:30,Hansestadt Gladiators,Donnerwald Thunder,5-1,"Mamadou Müller, Emil Lehmann, Marco Becker, Mamadou Larsen, Timo Kaya, Timo Lehmann",4,"Patrick Larsen, Emil Silva, Jonas Huber, Timo Lehmann",0,,33943
10,2023-10-20 15:30,Ostheim Phoenix,Hafenstadt Mariners,3-4,"Emil Krämer, Patrick Müller, Timo Lehmann, Ismael Huber, Marco Huber, Yusuf García, Patrick Schmidt",1,Ismael Becker,1,Marco Huber,24550
10,2023-10-20 15:30,Bayerhafen Dynamo,Elbwelle Titans,5-5,"Marco Becker, Ismael Müller, Timo Huber, Ismael Silva, Patrick Lehmann, Jonas Schmidt, Ismael Krämer, Mamadou Silva, Jonas Larsen, Timo Becker",2,"Mamadou Huber, Marco Schmidt",0,,57332
10,2023-10-20 15:30,Schwarzwald Strikers,Mainburg Lions,3-0,"Mamadou Becker, Timo García, Mamadou Traoré",1,Timo García,0,,29124
10,2023-10-20 15:30,Weserwind Wolves,Bergland Bears,4-2,"Mamadou Schmidt, Florian Krämer, Patrick Becker, Yusuf García, Lukas Kaya, Yusuf Lehmann",0,,0,,34120
10,2023-10-20 18:30,Adlerstadt Eagles,Nordsee Navigators,2-2,"Yusuf Huber, Florian Huber, Jonas Traoré, Patrick Schmidt",2,"Santiago Müller, Patrick Kaya",1,Marco Müller,56440
10,2023-10-20 15:30,Kaiserstadt Kings,Rheinblick Rovers,5-0,"Lukas Silva, Santiago Kaya, Marco García, Jonas Lehmann, Jonas Lehmann",0,,1,Patrick Krämer,56111
10,2023-10-20 17:30,Eisbach Falcons,Sonnendorf Stars,0-3,"Yusuf Becker, Ismael Lehmann, Marco Kaya",3,"Lukas Traoré, Patrick Traoré, Ismael Huber",0,,19870
11,2023-10-27 20:30,Elbwelle Titans,Hansestadt Gladiators,3-1,"Timo Huber, Emil Silva, Mamadou Müller, Jonas Silva",2,"Ismael Kaya, Ismael Huber",0,,19437
11,2023-10-27 15:30,Hafenstadt Mariners,Sonnendorf Stars,5-1,"Patrick Becker, Timo Lehmann, Mamadou Larsen, Patrick Becker, Yusuf Schmidt, Timo Krämer",0,,1,Patrick Huber,32357
11,2023-10-27 15:30,Alpenheim Warriors,Blitzstadt Lightning,3-2,"Emil Becker, Ismael Silva, Ismael Müller, Jonas Schmidt, Yusuf Becker",3,"Marco Müller, Florian Kaya, Emil Larsen",0,,21331
11,2023-10-27 15:30,Mainburg Lions,Bayerhafen Dynamo,0-2,"Emil Huber, Emil Huber",3,"Mamadou Krämer, Santiago Huber, Ismael Traoré",1,Emil Becker,47645
11,2023-10-27 15:30,Kaiserstadt Kings,Donnerwald Thunder,1-2,"Santiago Becker, Florian Kaya, Marco Larsen",4,"Emil Müller, Lukas Müller, Patrick Krämer, Ismael Kaya",0,,52384
11,2023-10-27 15:30,Nordsee Navigators,Rheinblick Rovers,2-5,"Yusuf Müller, Jonas Lehmann, Emil Lehmann, Yusuf García, Florian Huber, Patrick Kaya, Emil Traoré",2,"Jonas Schmidt, Santiago Silva",0,,36179
11,2023-10-27 18:30,Weserwind Wolves,Schwarzwald Strikers,4-0,"Patrick Silva, Jonas Müller, Patrick Krämer, Santiago Huber",3,"Florian Huber, Jonas Silva, Patrick Silva",1,Emil Schmidt,29027
11,2023-10-27 15:30,Ostheim Phoenix,Bergland Bears,0-2,"Patrick Müller, Santiago Kaya",3,"Mamadou García, Patrick Kaya, Mamadou Traoré",1,Patrick Krämer,31236
11,2023-10-27 17:30,Adlerstadt Eagles,Eisbach Falcons,5-4,"Mamadou Kaya, Marco Traoré, Patrick Schmidt, Mamadou Krämer, Emil García, Patrick Lehmann, Florian Larsen, Lukas Lehmann, Lukas Müller",0,,1,Jonas Kaya,71563
12,2023-11-03 20:30,Sonnendorf Stars,Schwarzwald Strikers,4-3,"Lukas Müller, Jonas Lehmann, Ismael Schmidt, Mamadou Krämer, Santiago Müller, Santiago Silva, Timo García",0,,0,,25589
12,2023-11-03 15:30,Weserwind Wolves,Alpenheim Warriors,4-5,"Marco Müller, Ismael Becker, Emil Kaya, Patrick Becker, Lukas Huber, Yusuf Müller, Santiago Huber, Ismael Silva, Marco Huber",3,"Marco Müller, Mamadou Schmidt, Santiago Huber",0,,32417
12,2023-11-03 15:30,Adlerstadt Eagles,Mainburg Lions,0-5,"Emil Huber, Florian Müller, Santiago Müller, Florian Larsen, Patrick Larsen",4,"Mamadou Larsen, Marco Kaya, Marco Huber, Lukas Silva",1,Santiago Lehmann,68727
12,2023-11-03 15:30,Nordsee Navigators,Blitzstadt Lightning,5-2,"Ismael Becker, Lukas Müller, Florian Silva, Emil Becker, Santiago Larsen, Jonas Traoré, Marco Traoré",1,Ismael Kaya,1,Yusuf García,35827
12,2023-11-03 15:30,Hansestadt Gladiators,Kaiserstadt Kings,1-1,"Marco Lehmann, Mamadou Becker",2,"Patrick Larsen, Emil Traoré",1,Patrick Silva,36942
12,2023-11-03 15:30,Bayerhafen Dynamo,Eisbach Falcons,2-3,"Timo Becker, Mamadou Krämer, Jonas Huber, Jonas Becker, Lukas Traoré",2,"Ismael Traoré, Florian Lehmann",0,,53500
12,2023-11-03 18:30,Donnerwald Thunder,Bergland Bears,3-1,"Mamadou Krämer, Lukas Müller, Lukas Lehmann, Patrick Larsen",3,"Lukas García, Florian Traoré, Florian Silva",0,,29098
12,2023-11-03 15:30,Hafenstadt Mariners,Ostheim Phoenix,5-1,"Marco Traoré, Marco Traoré, Yusuf Krämer, Marco Lehmann, Ismael Becker, Mamadou Huber",0,,0,,31804
12,2023-11-03 17:30,Elbwelle Titans,Rheinblick Rovers,4-2,"Mamadou Schmidt, Florian Traoré, Patrick Kaya, Patrick Krämer, Ismael Schmidt, Jonas Silva",0,,1,Patrick Kaya,20472
13,2023-11-10 20:30,Bayerhafen Dynamo,Kaiserstadt Kings,5-4,"Patrick Müller, Marco García, Jonas Becker, Jonas Huber, Santiago Kaya, Yusuf Schmidt, Emil Müller, Florian Traoré, Jonas Krämer",0,,0,,51157
13,2023-11-10 15:30,Blitzstadt Lightning,Eisbach Falcons,5-1,"Santiago Müller, Emil García, Ismael Silva, Florian Larsen, Santiago Larsen, Mamadou Larsen",0,,1,Ismael Becker,41987
13,2023-11-10 15:30,Donnerwald Thunder,Schwarzwald Strikers,1-3,"Mamadou Krämer, Marco Lehmann, Emil Müller, Emil Lehmann",3,"Santiago Kaya, Santiago Silva, Yusuf García",0,,27039
13,2023-11-10 15:30,Alpenheim Warriors,Nordsee Navigators,2-1,"Jonas Müller, Ismael Kaya, Marco Traoré",1,Timo Krämer,0,,25968
13,2023-11-10 15:30,Elbwelle Titans,Mainburg Lions,1-1,"Lukas Silva, Mamadou Becker",1,Mamadou Huber,0,,23152
13,2023-11-10 15:30,Rheinblick Rovers,Bergland Bears,3-2,"Emil Silva, Santiago Lehmann, Santiago Lehmann, Lukas Silva, Marco Schmidt",1,Santiago Traoré,0,,43670
13,2023-11-10 18:30,Sonnendorf Stars,Ostheim Phoenix,4-0,"Yusuf Krämer, Mamadou García, Emil Krämer, Ismael García",3,"Marco Huber, Florian Kaya, Mamadou García",1,Yusuf Huber,29250
13,2023-11-10 15:30,Adlerstadt Eagles,Weserwind Wolves,3-2,"Florian Müller, Yusuf Müller, Ismael Larsen, Jonas Becker, Florian Krämer",0,,0,,54492
13,2023-11-10 17:30,Hafenstadt Mariners,Hansestadt Gladiators,0-4,"Florian Larsen, Emil García, Patrick Huber, Timo Lehmann",3,"Yusuf Kaya, Emil Silva, Jonas Huber",1,Marco Traoré,28383
14,2023-11-17 20:30,Ostheim Phoenix,Nordsee Navigators,3-4,"Jonas Huber, Lukas Krämer, Ismael Kaya, Emil Lehmann, Ismael García, Marco Huber, Jonas Schmidt",2,"Ismael Huber, Florian Huber",0,,32143
14,2023-11-17 15:30,Blitzstadt Lightning,Bergland Bears,1-4,"Jonas Traoré, Lukas García, Mamadou Krämer, Ismael Becker, Santiago Lehmann",2,"Florian Silva, Lukas Müller",1,Mamadou Krämer,37692
14,2023-11-17 15:30,Alpenheim Warriors,Kaiserstadt Kings,2-3,"Marco Müller, Florian Krämer, Santiago Kaya, Florian Müller, Jonas Becker",4,"Emil García, Jonas Kaya, Santiago Traoré, Marco Müller",0,,24748
14,2023-11-17 15:30,Weserwind Wolves,Hansestadt Gladiators,2-4,"Emil Huber, Lukas Silva, Emil Kaya, Florian Huber, Mamadou Schmidt, Mamadou Becker",3,"Mamadou Schmidt, Florian Traoré, Marco Becker",1,Yusuf Kaya,37157
14,2023-11-17 15:30,Elbwelle Titans,Sonnendorf Stars,2-2,"Yusuf Huber, Yusuf Becker, Florian Schmidt, Florian Lehmann",2,"Jonas Lehmann, Jonas Traoré",0,,21214
14,2023-11-17 15:30,Bayerhafen Dynamo,Adlerstadt Eagles,5-3,"Marco Becker, Patrick Larsen, Patrick Larsen, Jonas Silva, Florian Traoré, Yusuf Lehmann, Santiago Kaya, Mamadou Krämer",3,"Jonas Schmidt, Florian Becker, Marco Huber",0,,52909
14,2023-11-17 18:30,Schwarzwald Strikers,Rheinblick Rovers,2-0,"Florian García, Jonas Lehmann",2,"Patrick Krämer, Patrick Krämer",1,Florian Traoré,35529
14,2023-11-17 15:30,Donnerwald Thunder,Eisbach Falcons,4-3,"Emil García, Marco García, Santiago Larsen, Marco Krämer, Mamadou Krämer, Yusuf Larsen, Lukas Müller",0,,1,Ismael Schmidt,23193
14,2023-11-17 17:30,Hafenstadt Mariners,Mainburg Lions,1-4,"Marco Larsen, Ismael Krämer, Emil García, Timo Lehmann, Lukas Krämer",0,,0,,30048
15,2023-11-24 20:30,Elbwelle Titans,Schwarzwald Strikers,3-0,"Santiago Huber, Marco Schmidt, Lukas Huber",1,Santiago Huber,1,Mamadou Lehmann,24925
15,2023-11-24 15:30,Sonnendorf Stars,Hansestadt Gladiators,2-1,"Mamadou Silva, Mamadou Müller, Ismael Kaya",1,Emil Silva,1,Florian Lehmann,24510
15,2023-11-24 15:30,Alpenheim Warriors,Blitzstadt Lightning,1-1,"Marco Müller, Florian Larsen",0,,1,Florian Becker,24784
15,2023-11-24 15:30,Weserwind Wolves,Donnerwald Thunder,2-5,"Emil Lehmann, Yusuf Müller, Emil Kaya, Lukas Müller, Marco Larsen, Emil Müller, Patrick Krämer",0,,0,,28015
15,2023-11-24 15:30,Rheinblick Rovers,Mainburg Lions,4-0,"Ismael Schmidt, Lukas Silva, Santiago Lehmann, Mamadou Traoré",3,"Patrick Krämer, Mamadou Silva, Marco Huber",0,,40936
15,2023-11-24 15:30,Eisbach Falcons,Bayerhafen Dynamo,5-3,"Ismael Lehmann, Timo Huber, Emil Lehmann, Florian Lehmann, Mamadou Krämer, Emil Krämer, Lukas Müller, Marco Lehmann",4,"Ismael Lehmann, Emil Lehmann, Jonas Schmidt, Patrick Lehmann",0,,20474
15,2023-11-24 18:30,Kaiserstadt Kings,Nordsee Navigators,2-5,"Jonas Huber, Santiago Traoré, Patrick Krämer, Mamadou Becker, Jonas Becker, Emil Lehmann, Yusuf Müller",4,"Patrick Schmidt, Ismael Larsen, Marco Becker, Jonas Schmidt",1,Patrick Kaya,54536
15,2023-11-24 15:30,Bergland Bears,Ostheim Phoenix,0-2,"Lukas Müller, Yusuf Krämer",2,"Emil Silva, Ismael Becker",1,Ismael Becker,17176
15,2023-11-24 17:30,Adlerstadt Eagles,Hafenstadt Mariners,3-4,"Jonas Silva, Patrick Becker, Patrick Müller, Yusuf García, Jonas Müller, Marco Huber, Yusuf Schmidt",2,"Marco Huber, Patrick Schmidt",1,Ismael Traoré,60190
16,2023-12-01 20:30,Schwarzwald Strikers,Hafenstadt Mariners,2-5,"Patrick Silva, Santiago Huber, Mamadou Krämer, Jonas Silva, Santiago Silva, Timo Krämer, Mamadou Huber",0,,1,Mamadou Huber,35613
16,2023-12-01 15:30,Rheinblick Rovers,Kaiserstadt Kings,1-3,"Jonas Lehmann, Florian García, Ismael Larsen, Marco García",1,Ismael Krämer,0,,42609
16,2023-12-01 15:30,Elbwelle Titans,Eisbach Falcons,3-0,"Emil García, Santiago Larsen, Yusuf Becker",0,,0,,19461
16,2023-12-01 15:30,Hansestadt Gladiators,Nordsee Navigators,4-5,"Emil Traoré, Yusuf Kaya, Mamadou Müller, Florian Traoré, Jonas Traoré, Yusuf Müller, Patrick Kaya, Ismael Kaya, Florian Lehmann",3,"Jonas Schmidt, Jonas Huber, Marco Becker",1,Florian Larsen,35939
16,2023-12-01 15:30,Ostheim Phoenix,Sonnendorf Stars,4-2,"Mamadou Huber, Lukas Müller, Yusuf Schmidt, Mamadou García, Ismael Becker, Yusuf Krämer",0,,0,,31955
16,2023-12-01 15:30,Weserwind Wolves,Bergland Bears,4-2,"Ismael Lehmann, Patrick Krämer, Jonas Becker, Emil Traoré, Jonas Kaya, Emil Kaya",3,"Patrick Becker, Patrick Kaya, Yusuf García",0,,30520
16,2023-12-01 18:30,Adlerstadt Eagles,Alpenheim Warriors,5-5,"Yusuf Huber, Ismael Becker, Patrick Schmidt, Florian Müller, Ismael Müller, Patrick Larsen, Jonas Müller, Marco Müller, Ismael Müller, Mamadou Larsen",3,"Florian Krämer, Florian Müller, Florian Larsen",0,,55887
16,2023-12-01 15:30,Donnerwald Thunder,Blitzstadt Lightning,5-3,"Florian Larsen, Mamadou Larsen, Lukas García, Mamadou Larsen, Patrick Larsen, Ismael Becker, Florian Becker, Yusuf Kaya",0,,1,Timo Krämer,22088
16,2023-12-01 17:30,Bayerhafen Dynamo,Mainburg Lions,0-5,"Santiago Huber, Timo Huber, Yusuf Lehmann, Marco Larsen, Mamadou Krämer",1,Florian Lehmann,1,Patrick Lehmann,46257
17,2023-12-08 20:30,Hansestadt Gladiators,Sonnendorf Stars,1-3,"Florian Kaya, Jonas Lehmann, Ismael Huber, Mamadou Becker",2,"Marco Becker, Mamadou Becker",0,,36371
17,2023-12-08 15:30,Blitzstadt Lightning,Hafenstadt Mariners,3-0,"Lukas Silva, Mamadou Larsen, Timo Lehmann",4,"Ismael Krämer, Emil Becker, Florian Silva, Lukas Müller",1,Patrick Becker,38754
17,2023-12-08 15:30,Elbwelle Titans,Alpenheim Warriors,5-5,"Jonas Larsen, Timo Krämer, Marco Müller, Emil Becker, Florian Schmidt, Jonas Krämer, Jonas Silva, Mamadou Schmidt, Marco Schmidt, Santiago Silva",2,"Santiago Silva, Marco Huber",0,,20499
17,2023-12-08 15:30,Bayerhafen Dynamo,Eisbach Falcons,4-4,"Yusuf Lehmann, Lukas Müller, Timo Traoré, Ismael Krämer, Marco Becker, Mamadou Krämer, Patrick Larsen, Santiago Kaya",0,,0,,53606
17,2023-12-08 15:30,Kaiserstadt Kings,Adlerstadt Eagles,3-0,"Jonas Silva, Jonas Kaya, Mamadou Becker",1,Santiago Traoré,0,,51258
17,2023-12-08 15:30,Schwarzwald Strikers,Nordsee Navigators,3-5,"Yusuf García, Florian Huber, Yusuf Müller, Patrick Kaya, Ismael Schmidt, Timo Müller, Emil Schmidt, Emil Lehmann",0,,0,,27636
17,2023-12-08 18:30,Rheinblick Rovers,Bergland Bears,2-4,"Marco Schmidt, Mamadou Huber, Patrick Krämer, Mamadou Traoré, Jonas Traoré, Yusuf García",2,"Florian Traoré, Ismael Schmidt",1,Patrick Kaya,35363
17,2023-12-08 15:30,Mainburg Lions,Donnerwald Thunder,5-2,"Marco Larsen, Yusuf Kaya, Santiago Huber, Emil Huber, Marco Larsen, Jonas Müller, Florian Kaya",0,,0,,48308
17,2023-12-08 17:30,Ostheim Phoenix,Weserwind Wolves,3-2,"Lukas Kaya, Patrick Larsen, Jonas Huber, Marco Huber, Santiago Kaya",3,"Marco Traoré, Lukas Silva, Yusuf Krämer",0,,31956
18,2023-12-15 20:30,Alpenheim Warriors,Sonnendorf Stars,0-2,"Santiago Silva, Jonas Lehmann",3,"Mamadou García, Ismael Becker, Ismael Huber",1,Florian Kaya,25466
18,2023-12-15 15:30,Ostheim Phoenix,Adlerstadt Eagles,5-4,"Lukas Silva, Jonas Silva, Patrick Kaya, Santiago Lehmann, Ismael Becker, Ismael García, Ismael Traoré, Santiago Kaya, Yusuf Krämer",1,Marco Traoré,1,Marco Huber,25772
18,2023-12-15 15:30,Hansestadt Gladiators,Elbwelle Titans,5-5,"Timo Huber, Jonas Huber, Jonas Larsen, Emil Becker, Mamadou Becker, Patrick Larsen, Patrick Silva, Mamadou Müller, Emil García, Florian Schmidt",0,,1,Ismael García,32273
18,2023-12-15 15:30,Bergland Bears,Weserwind Wolves,0-3,"Santiago Krämer, Ismael Lehmann, Yusuf Lehmann",3,"Jonas Traoré, Lukas Lehmann, Yusuf García",1,Patrick Krämer,15377
18,2023-12-15 15:30,Eisbach Falcons,Hafenstadt Mariners,0-3,"Timo Traoré, Lukas Traoré, Timo Krämer",0,,1,Timo Krämer,21731
18,2023-12-15 15:30,Nordsee Navigators,Donnerwald Thunder,3-2,"Marco Müller, Mamadou Larsen, Florian Traoré, Patrick Larsen, Yusuf Kaya",0,,0,,39356
18,2023-12-15 18:30,Blitzstadt Lightning,Bayerhafen Dynamo,2-3,"Emil Becker, Emil Huber, Jonas Huber, Florian Becker, Marco Becker",1,Lukas Müller,0,,40155
18,2023-12-15 15:30,Kaiserstadt Kings,Rheinblick Rovers,3-2,"Ismael Schmidt, Emil Traoré, Patrick Krämer, Ismael Krämer, Florian Traoré",4,"Patrick Kaya, Santiago Traoré, Ismael Schmidt, Santiago Becker",1,Yusuf García,45145
18,2023-12-15 17:30,Schwarzwald Strikers,Mainburg Lions,2-1,"Ismael Krämer, Mamadou Krämer, Timo Kaya",4,"Lukas Müller, Marco Kaya, Emil Schmidt, Mamadou Krämer",1,Santiago Huber,31021
19,2023-12-22 20:30,Adlerstadt Eagles,Ostheim Phoenix,1-0,Patrick Kaya,0,,1,Ismael Müller,69218
19,2023-12-22 15:30,Nordsee Navigators,Donnerwald Thunder,1-1,"Florian Kaya, Florian Huber",1,Patrick Schmidt,0,,35192
19,2023-12-22 15:30,Bayerhafen Dynamo,Hansestadt Gladiators,5-0,"Emil Silva, Ismael Krämer, Emil Huber, Emil Traoré, Marco Becker",3,"Patrick Larsen, Timo Becker, Emil Huber",0,,56120
19,2023-12-22 15:30,Alpenheim Warriors,Elbwelle Titans,3-5,"Santiago Silva, Santiago Huber, Emil Becker, Marco Huber, Florian Schmidt, Mamadou Lehmann, Mamadou Silva, Ismael Becker",2,"Mamadou Becker, Florian Krämer",1,Emil Schmidt,27312
19,2023-12-22 15:30,Mainburg Lions,Bergland Bears,0-1,Lukas Müller,3,"Lukas Larsen, Timo Krämer, Mamadou Becker",1,Patrick Kaya,39986
19,2023-12-22 15:30,Eisbach Falcons,Rheinblick Rovers,1-3,"Ismael Krämer, Lukas Müller, Emil Krämer, Marco Kaya",2,"Timo Müller, Santiago Traoré",1,Yusuf Larsen,20430
19,2023-12-22 18:30,Hafenstadt Mariners,Blitzstadt Lightning,0-4,"Patrick Becker, Florian Silva, Patrick Huber, Emil Larsen",2,"Lukas Müller, Yusuf García",1,Mamadou Larsen,31752
19,2023-12-22 15:30,Sonnendorf Stars,Schwarzwald Strikers,0-1,Yusuf Becker,1,Emil Silva,0,,24039
19,2023-12-22 17:30,Weserwind Wolves,Kaiserstadt Kings,1-4,"Emil Traoré, Santiago Krämer, Yusuf Larsen, Marco García, Ismael Larsen",0,,1,Lukas Becker,33956
20,2023-12-29 20:30,Donnerwald Thunder,Ostheim Phoenix,4-3,"Marco Huber, Emil Lehmann, Mamadou Huber, Marco Krämer, Mamadou Larsen, Emil Krämer, Jonas Huber",1,Lukas García,1,Ismael Huber,27123
20,2023-12-29 15:30,Kaiserstadt Kings,Rheinblick Rovers,0-0,,3,"Patrick Krämer, Emil Traoré, Yusuf Schmidt",0,,52704
20,2023-12-29 15:30,Blitzstadt Lightning,Weserwind Wolves,3-2,"Lukas Silva, Ismael Becker, Yusuf Müller, Santiago Larsen, Santiago Krämer",1,Lukas Kaya,0,,44505
20,2023-12-29 15:30,Eisbach Falcons,Hansestadt Gladiators,1-4,"Ismael Lehmann, Timo Müller, Marco Becker, Florian Traoré, Ismael Traoré",2,"Marco Becker, Florian Larsen",0,,18228
20,2023-12-29 15:30,Nordsee Navigators,Bayerhafen Dynamo,1-0,Lukas García,2,"Mamadou Krämer, Marco Huber",0,,30186
20,2023-12-29 15:30,Alpenheim Warriors,Adlerstadt Eagles,4-3,"Jonas Schmidt, Florian Müller, Ismael García, Ismael Silva, Timo Krämer, Lukas Silva, Ismael Traoré",1,Jonas Müller,1,Ismael Müller,21752
20,2023-12-29 18:30,Hafenstadt Mariners,Elbwelle Titans,1-3,"Patrick Schmidt, Lukas Lehmann, Ismael Krämer, Mamadou Schmidt",2,"Emil Schmidt, Marco Schmidt",1,Patrick García,36888
20,2023-12-29 15:30,Mainburg Lions,Schwarzwald Strikers,1-3,"Ismael Krämer, Timo Müller, Marco Larsen, Emil Lehmann",4,"Mamadou Krämer, Emil Lehmann, Ismael Krämer, Jonas Müller",1,Marco Larsen,48438
20,2023-12-29 17:30,Sonnendorf Stars,Bergland Bears,1-2,"Mamadou Traoré, Jonas Kaya, Lukas Lehmann",4,"Mamadou Traoré, Florian Silva, Lukas Lehmann, Timo Silva",0,,23665
21,2024-01-05 20:30,Bayerhafen Dynamo,Weserwind Wolves,5-1,"Jonas Müller, Jonas Silva, Timo Huber, Yusuf Lehmann, Emil Larsen, Ismael Krämer",1,Yusuf Müller,0,,48411
21,2024-01-05 15:30,Adlerstadt Eagles,Sonnendorf Stars,4-1,"Ismael García, Florian Larsen, Florian Becker, Santiago Müller, Jonas Lehmann",1,Lukas Müller,1,Florian Larsen,67376
21,2024-01-05 15:30,Elbwelle Titans,Kaiserstadt Kings,1-3,"Yusuf Schmidt, Timo Krämer, Mamadou Schmidt, Mamadou Silva",2,"Mamadou Huber, Ismael Kaya",0,,23774
21,2024-01-05 15:30,Blitzstadt Lightning,Hansestadt Gladiators,2-3,"Yusuf Kaya, Jonas Huber, Florian Silva, Patrick Silva, Mamadou Müller",4,"Jonas Huber, Florian Larsen, Marco Lehmann, Florian Traoré",0,,42744
21,2024-01-05 15:30,Hafenstadt Mariners,Nordsee Navigators,5-0,"Patrick Müller, Yusuf Krämer, Jonas Müller, Ismael Larsen, Ismael Kaya",0,,0,,30475
21,2024-01-05 15:30,Eisbach Falcons,Bergland Bears,0-1,Patrick Kaya,0,,1,Yusuf Larsen,19987
21,2024-01-05 18:30,Mainburg Lions,Alpenheim Warriors,5-5,"Marco Larsen, Mamadou Krämer, Marco Kaya, Timo Krämer, Yusuf Larsen, Santiago Huber, Santiago Huber, Ismael Krämer, Patrick Müller, Yusuf Becker",0,,1,Marco Müller,51782
21,2024-01-05 15:30,Rheinblick Rovers,Schwarzwald Strikers,1-2,"Florian Traoré, Santiago Traoré, Emil Silva",1,Yusuf García,1,Yusuf Lehmann,44239
21,2024-01-05 17:30,Donnerwald Thunder,Ostheim Phoenix,3-5,"Yusuf Krämer, Ismael Becker, Marco Huber, Marco Larsen, Lukas García, Timo Kaya, Patrick Kaya, Patrick Larsen",3,"Marco Huber, Florian Traoré, Santiago Kaya",0,,23625
22,2024-01-12 20:30,Adlerstadt Eagles,Weserwind Wolves,1-2,"Yusuf Lehmann, Jonas Becker, Patrick Becker",3,"Patrick Krämer, Mamadou Larsen, Florian Becker",1,Yusuf Huber,70031
22,2024-01-12 15:30,Ostheim Phoenix,Bergland Bears,3-1,"Marco Schmidt, Mamadou Huber, Ismael Becker, Ismael Huber",2,"Ismael Huber, Mamadou Krämer",0,,32540
22,2024-01-12 15:30,Schwarzwald Strikers,Kaiserstadt Kings,5-1,"Emil Lehmann, Timo Müller, Santiago Becker, Santiago Huber, Mamadou Krämer, Yusuf Schmidt",2,"Yusuf Larsen, Yusuf García",1,Lukas Müller,34715
22,2024-01-12 15:30,Bayerhafen Dynamo,Hafenstadt Mariners,3-1,"Mamadou Krämer, Marco Traoré, Ismael Larsen, Marco Becker",0,,0,,45460
22,2024-01-12 15:30,Eisbach Falcons,Donnerwald Thunder,4-3,"Yusuf Larsen, Emil Müller, Lukas Traoré, Patrick Schmidt, Florian Traoré, Marco García, Lukas Müller",3,"Emil Lehmann, Emil Müller, Patrick Larsen",0,,15943
22,2024-01-12 15:30,Mainburg Lions,Blitzstadt Lightning,0-3,"Lukas Müller, Santiago Müller, Lukas Müller",1,Mamadou Traoré,0,,52552
22,2024-01-12 18:30,Elbwelle Titans,Rheinblick Rovers,5-3,"Patrick Krämer, Patrick Krämer, Ismael Silva, Lukas Lehmann, Mamadou Becker, Jonas Lehmann, Ismael García, Mamadou Schmidt",2,"Santiago Traoré, Florian Schmidt",0,,24019
22,2024-01-12 15:30,Alpenheim Warriors,Nordsee Navigators,2-5,"Emil García, Marco Müller, Emil Schmidt, Emil Huber, Emil Lehmann, Lukas García, Santiago Huber",2,"Santiago Huber, Florian Lehmann",1,Marco Müller,23843
22,2024-01-12 17:30,Sonnendorf Stars,Hansestadt Gladiators,1-1,"Yusuf Kaya, Santiago Becker",4,"Emil Traoré, Patrick Larsen, Marco Becker, Patrick Silva",0,,24256
23,2024-01-19 20:30,Bayerhafen Dynamo,Mainburg Lions,3-4,"Florian Lehmann, Jonas Silva, Mamadou Becker, Emil Huber, Emil Müller, Jonas Müller, Emil Huber",3,"Florian Lehmann, Timo Huber, Marco Becker",0,,55047
23,2024-01-19 15:30,Donnerwald Thunder,Blitzstadt Lightning,1-4,"Santiago Müller, Florian Becker, Marco García, Emil Lehmann, Mamadou Larsen",4,"Yusuf García, Yusuf Kaya, Florian Kaya, Emil Becker",0,,21273
23,2024-01-19 15:30,Ostheim Phoenix,Schwarzwald Strikers,3-4,"Ismael García, Yusuf García, Jonas Huber, Yusuf Krämer, Lukas Müller, Marco Lehmann, Emil Krämer",2,"Santiago Silva, Patrick Silva",0,,30471
23,2024-01-19 15:30,Kaiserstadt Kings,Alpenheim Warriors,2-5,"Ismael Kaya, Patrick Müller, Jonas Krämer, Patrick Krämer, Florian Krämer, Marco Becker, Santiago Huber",4,"Patrick Schmidt, Florian Becker, Jonas Krämer, Santiago Huber",1,Timo Krämer,55583
23,2024-01-19 15:30,Bergland Bears,Weserwind Wolves,0-1,Florian Becker,2,"Patrick Kaya, Lukas García",0,,14491
23,2024-01-19 15:30,Elbwelle Titans,Nordsee Navigators,0-5,"Emil Schmidt, Mamadou Müller, Jonas Traoré, Emil Becker, Marco Traoré",3,"Marco Schmidt, Marco Schmidt, Emil Becker",1,Marco Müller,23595
23,2024-01-19 18:30,Hafenstadt Mariners,Sonnendorf Stars,1-5,"Patrick Becker, Yusuf Becker, Jonas Müller, Marco Huber, Florian Kaya, Patrick Schmidt",0,,0,,39721
23,2024-01-19 15:30,Hansestadt Gladiators,Eisbach Falcons,5-3,"Ismael Huber, Mamadou Müller, Yusuf Larsen, Marco Becker, Ismael Lehmann, Timo Müller, Timo Lehmann, Patrick Schmidt",1,Emil Traoré,0,,34676
23,2024-01-19 17:30,Rheinblick Rovers,Adlerstadt Eagles,2-5,"Yusuf Huber, Marco Lehmann, Jonas Kaya, Patrick Larsen, Florian Larsen, Timo Becker, Santiago Lehmann",2,"Ismael García, Santiago Traoré",0,,48897
24,2024-01-26 20:30,Mainburg Lions,Bayerhafen Dynamo,0-1,Marco Larsen,2,"Mamadou Krämer, Patrick Larsen",0,,39811
24,2024-01-26 15:30,Ostheim Phoenix,Sonnendorf Stars,4-0,"Florian Kaya, Marco Lehmann, Mamadou García, Florian Lehmann",1,Marco Traoré,0,,28382
24,2024-01-26 15:30,Weserwind Wolves,Nordsee Navigators,5-5,"Patrick Becker, Jonas Schmidt, Yusuf Müller, Patrick Schmidt, Jonas Müller, Emil Schmidt, Patrick Krämer, Patrick Lehmann, Lukas García, Jonas Huber",1,Lukas Kaya,1,Jonas Huber,28858
24,2024-01-26 15:30,Elbwelle Titans,Donnerwald Thunder,4-1,"Lukas Müller, Florian Traoré, Yusuf Kaya, Ismael Kaya, Emil Lehmann",0,,1,Marco Larsen,24133
24,2024-01-26 15:30,Hafenstadt Mariners,Schwarzwald Strikers,5-4,"Patrick Silva, Lukas Krämer, Ismael Krämer, Mamadou Larsen, Patrick Schmidt, Emil Schmidt, Timo Müller, Emil García, Patrick Becker",4,"Santiago Huber, Yusuf García, Jonas Müller, Mamadou Larsen",1,Jonas Müller,33721
24,2024-01-26 15:30,Hansestadt Gladiators,Eisbach Falcons,1-2,"Lukas Larsen, Yusuf Becker, Marco Krämer",0,,1,Patrick Lehmann,43627
24,2024-01-26 18:30,Adlerstadt Eagles,Blitzstadt Lightning,5-2,"Ismael García, Florian Larsen, Timo Krämer, Lukas Silva, Lukas Huber, Santiago Lehmann, Mamadou Kaya",2,"Lukas Huber, Marco Traoré",0,,57970
24,2024-01-26 15:30,Alpenheim Warriors,Kaiserstadt Kings,2-5,"Florian Krämer, Florian Krämer, Ismael Silva, Marco Becker, Patrick Krämer, Jonas Schmidt, Jonas Lehmann",1,Santiago Silva,0,,21993
24,2024-01-26 17:30,Bergland Bears,Rheinblick Rovers,5-2,"Mamadou Huber, Florian García, Patrick Krämer, Ismael Schmidt, Florian Traoré, Patrick Krämer, Florian Becker",2,"Santiago Lehmann, Santiago Lehmann",1,Santiago Lehmann,19912
25,2024-02-02 20:30,Eisbach Falcons,Elbwelle Titans,0-5,"Santiago Larsen, Florian Kaya, Lukas Lehmann, Timo Huber, Ismael Traoré",3,"Mamadou Silva, Ismael Silva, Santiago Larsen",1,Marco Kaya,18846
25,2024-02-02 15:30,Bergland Bears,Weserwind Wolves,2-0,"Jonas Müller, Yusuf Lehmann",4,"Lukas Kaya, Lukas Lehmann, Ismael Larsen, Emil Traoré",1,Patrick Becker,19912
25,2024-02-02 15:30,Alpenheim Warriors,Schwarzwald Strikers,3-2,"Yusuf Becker, Lukas Huber, Ismael Schmidt, Patrick Silva, Mamadou Huber",2,"Emil Lehmann, Lukas Müller",0,,27396
25,2024-02-02 15:30,Hafenstadt Mariners,Rheinblick Rovers,0-3,"Ismael Krämer, Ismael Schmidt, Santiago Silva",3,"Emil Traoré, Timo Krämer, Patrick García",0,,31290
25,2024-02-02 15:30,Sonnendorf Stars,Blitzstadt Lightning,1-0,Timo Krämer,1,Florian Lehmann,0,,24115
25,2024-02-02 15:30,Donnerwald Thunder,Ostheim Phoenix,0-0,,2,"Emil Lehmann, Yusuf Krämer",1,Emil Lehmann,24506
25,2024-02-02 18:30,Bayerhafen Dynamo,Hansestadt Gladiators,5-2,"Jonas Huber, Emil Traoré, Marco Lehmann, Emil Silva, Emil Larsen, Ismael Kaya, Emil Müller",1,Emil Traoré,0,,43976
25,2024-02-02 15:30,Kaiserstadt Kings,Nordsee Navigators,3-1,"Jonas Schmidt, Marco Müller, Marco Schmidt, Mamadou Becker",1,Jonas Huber,0,,49633
25,2024-02-02 17:30,Adlerstadt Eagles,Mainburg Lions,5-0,"Lukas Müller, Jonas Müller, Ismael García, Ismael Traoré, Florian Müller",0,,0,,71025
26,2024-02-09 20:30,Blitzstadt Lightning,Hansestadt Gladiators,3-1,"Jonas Lehmann, Marco Traoré, Emil Becker, Timo Krämer",1,Lukas Silva,1,Yusuf Kaya,41481
26,2024-02-09 15:30,Sonnendorf Stars,Weserwind Wolves,1-0,Jonas Müller,4,"Jonas Traoré, Florian Huber, Florian Kaya, Jonas Becker",0,,28306
26,2024-02-09 15:30,Schwarzwald Strikers,Donnerwald Thunder,0-1,Mamadou Huber,1,Santiago Silva,1,Patrick Silva,35450
26,2024-02-09 15:30,Bayerhafen Dynamo,Nordsee Navigators,0-3,"Florian Huber, Patrick Larsen, Marco Schmidt",3,"Jonas Schmidt, Florian Huber, Yusuf Lehmann",0,,46499
26,2024-02-09 15:30,Adlerstadt Eagles,Bergland Bears,3-0,"Mamadou Huber, Florian Müller, Jonas Kaya",1,Santiago Lehmann,0,,62975
26,2024-02-09 15:30,Elbwelle Titans,Hafenstadt Mariners,3-5,"Lukas Krämer, Ismael Krämer, Mamadou Schmidt, Timo Huber, Patrick Huber, Mamadou Larsen, Ismael García, Emil García",2,"Patrick Becker, Mamadou Schmidt",1,Mamadou Larsen,23214
26,2024-02-09 18:30,Ostheim Phoenix,Eisbach Falcons,2-3,"Mamadou García, Florian Kaya, Emil García, Jonas Becker, Marco Traoré",1,Ismael Lehmann,0,,33572
26,2024-02-09 15:30,Alpenheim Warriors,Kaiserstadt Kings,0-5,"Florian Becker, Jonas Müller, Santiago Traoré, Patrick Müller, Mamadou Larsen",4,"Marco Becker, Patrick Müller, Santiago Becker, Santiago Traoré",1,Santiago Becker,20857
26,2024-02-09 17:30,Mainburg Lions,Rheinblick Rovers,1-2,"Santiago Huber, Marco Huber, Ismael Krämer",4,"Marco Huber, Yusuf Larsen, Marco Larsen, Santiago Silva",1,Ismael Krämer,40726
27,2024-02-16 20:30,Kaiserstadt Kings,Alpenheim Warriors,3-2,"Timo Krämer, Florian Becker, Ismael Becker, Santiago Silva, Mamadou García",3,"Santiago Becker, Emil Traoré, Mamadou Larsen",0,,48158
27,2024-02-16 15:30,Ostheim Phoenix,Elbwelle Titans,2-5,"Jonas Larsen, Patrick Müller, Mamadou García, Marco Schmidt, Mamadou Becker, Lukas Müller, Mamadou Huber",1,Lukas Krämer,0,,32739
27,2024-02-16 15:30,Mainburg Lions,Donnerwald Thunder,2-2,"Florian Silva, Marco Lehmann, Emil Huber, Yusuf Kaya",1,Emil Lehmann,1,Yusuf Larsen,40963
27,2024-02-16 15:30,Rheinblick Rovers,Sonnendorf Stars,2-4,"Florian Traoré, Patrick Krämer, Florian Lehmann, Santiago Traoré, Santiago Lehmann, Santiago Lehmann",4,"Yusuf Huber, Mamadou Silva, Jonas Traoré, Ismael Huber",0,,42220
27,2024-02-16 15:30,Adlerstadt Eagles,Hansestadt Gladiators,3-0,"Emil Huber, Jonas Silva, Jonas Huber",2,"Florian Larsen, Florian Becker",1,Florian Larsen,58213
27,2024-02-16 15:30,Hafenstadt Mariners,Blitzstadt Lightning,5-0,"Jonas Müller, Patrick Schmidt, Timo Krämer, Lukas Krämer, Ismael Becker",0,,0,,36561
27,2024-02-16 18:30,Bergland Bears,Nordsee Navigators,5-5,"Patrick Kaya, Emil Lehmann, Marco Schmidt, Marco Traoré, Ismael Schmidt, Marco Müller, Lukas Lehmann, Mamadou Huber, Jonas Traoré, Lukas García",1,Mamadou Traoré,0,,14646
27,2024-02-16 15:30,Schwarzwald Strikers,Bayerhafen Dynamo,4-3,"Emil Krämer, Santiago Huber, Emil Becker, Emil Huber, Patrick Lehmann, Timo García, Jonas Huber",2,"Santiago Huber, Patrick Silva",1,Timo García,27914
27,2024-02-16 17:30,Weserwind Wolves,Eisbach Falcons,3-3,"Ismael Schmidt, Yusuf Lehmann, Santiago Huber, Emil García, Ismael Lehmann, Patrick Schmidt",1,Marco Traoré,0,,29520
28,2024-02-23 20:30,Blitzstadt Lightning,Schwarzwald Strikers,5-1,"Yusuf Lehmann, Lukas Müller, Mamadou Larsen, Santiago Larsen, Ismael Schmidt, Emil Becker",4,"Patrick Silva, Lukas Huber, Lukas Müller, Yusuf García",0,,37176
28,2024-02-23 15:30,Bayerhafen Dynamo,Hansestadt Gladiators,4-2,"Timo Huber, Emil Krämer, Marco Becker, Santiago Kaya, Emil Larsen, Timo Lehmann",4,"Ismael Krämer, Yusuf Kaya, Florian Lehmann, Jonas Huber",0,,53039
28,2024-02-23 15:30,Weserwind Wolves,Nordsee Navigators,2-1,"Marco Schmidt, Jonas Schmidt, Santiago Krämer",3,"Marco Traoré, Mamadou Schmidt, Jonas Müller",1,Marco Traoré,27619
28,2024-02-23 15:30,Eisbach Falcons,Mainburg Lions,3-5,"Ismael García, Patrick Lehmann, Florian Kaya, Ismael Traoré, Mamadou Traoré, Patrick Schmidt, Timo Müller, Mamadou Krämer",0,,0,,18653
28,2024-02-23 15:30,Elbwelle Titans,Rheinblick Rovers,2-1,"Patrick Krämer, Santiago Krämer, Santiago Traoré",0,,0,,20197
28,2024-02-23 15:30,Donnerwald Thunder,Hafenstadt Mariners,2-3,"Florian Kaya, Patrick Larsen, Timo Lehmann, Timo Krämer, Marco Lehmann",4,"Lukas Lehmann, Ismael Krämer, Marco Huber, Mamadou Larsen",1,Patrick Schmidt,24895
28,2024-02-23 18:30,Kaiserstadt Kings,Alpenheim Warriors,2-2,"Ismael Larsen, Santiago Huber, Florian Becker, Ismael Becker",0,,0,,47354
28,2024-02-23 15:30,Ostheim Phoenix,Adlerstadt Eagles,5-3,"Florian Larsen, Marco Huber, Mamadou Huber, Ismael Huber, Ismael Traoré, Marco Schmidt, Mamadou García, Marco Lehmann",2,"Patrick Larsen, Yusuf Huber",0,,25003
28,2024-02-23 17:30,Sonnendorf Stars,Bergland Bears,2-1,"Florian Becker, Lukas Lehmann, Yusuf Schmidt",2,"Florian Lehmann, Yusuf García",1,Ismael Huber,31587
29,2024-03-01 20:30,Adlerstadt Eagles,Mainburg Lions,5-3,"Mamadou Krämer, Ismael García, Florian Müller, Yusuf Larsen, Yusuf Huber, Lukas Müller, Yusuf Lehmann, Jonas Kaya",1,Marco Huber,1,Lukas Müller,62234
29,2024-03-01 15:30,Eisbach Falcons,Donnerwald Thunder,2-2,"Emil García, Marco Larsen, Emil Lehmann, Santiago Larsen",4,"Jonas Becker, Marco Lehmann, Jonas Schmidt, Santiago Larsen",1,Jonas Becker,18443
29,2024-03-01 15:30,Elbwelle Titans,Hafenstadt Mariners,3-3,"Timo Krämer, Patrick Becker, Patrick Schmidt, Patrick Schmidt, Emil Becker, Lukas Lehmann",3,"Marco Schmidt, Yusuf Schmidt, Ismael Larsen",0,,24271
29,2024-03-01 15:30,Hansestadt Gladiators,Sonnendorf Stars,2-4,"Patrick Larsen, Emil Traoré, Ismael Schmidt, Mamadou Becker, Patrick Becker, Emil Huber",0,,1,Ismael Schmidt,41891
29,2024-03-01 15:30,Bayerhafen Dynamo,Kaiserstadt Kings,0-3,"Santiago Becker, Yusuf Larsen, Yusuf Lehmann",4,"Santiago Kaya, Jonas Krämer, Santiago Becker, Yusuf Larsen",0,,46598
29,2024-03-01 15:30,Alpenheim Warriors,Bergland Bears,4-4,"Yusuf García, Marco Müller, Lukas Larsen, Patrick Kaya, Jonas Schmidt, Santiago Silva, Florian Krämer, Santiago Lehmann",3,"Jonas Kaya, Lukas Lehmann, Patrick Kaya",0,,23855
29,2024-03-01 18:30,Blitzstadt Lightning,Rheinblick Rovers,3-5,"Yusuf Lehmann, Patrick Krämer, Marco Huber, Emil Silva, Santiago Silva, Jonas Lehmann, Yusuf García, Timo Krämer",4,"Mamadou Silva, Florian Silva, Florian Traoré, Santiago Larsen",0,,34998
29,2024-03-01 15:30,Ostheim Phoenix,Weserwind Wolves,4-4,"Patrick Kaya, Santiago Krämer, Mamadou Schmidt, Lukas Silva, Florian Krämer, Patrick Müller, Emil Kaya, Lukas Huber",1,Marco Traoré,1,Mamadou García,33990
29,2024-03-01 17:30,Schwarzwald Strikers,Nordsee Navigators,5-3,"Florian Lehmann, Emil Schmidt, Timo Müller, Jonas Silva, Lukas García, Jonas Schmidt, Timo García, Florian Huber",1,Lukas García,1,Patrick Silva,34242
30,2024-03-08 20:30,Hafenstadt Mariners,Hansestadt Gladiators,0-3,"Marco Krämer, Jonas Huber, Lukas Krämer",3,"Patrick Silva, Timo Krämer, Timo Lehmann",1,Mamadou Müller,36592
30,2024-03-08 15:30,Mainburg Lions,Sonnendorf Stars,4-4,"Patrick Larsen, Marco Larsen, Yusuf Huber, Patrick Lehmann, Ismael García, Mamadou Silva, Florian Silva, Mamadou Traoré",4,"Mamadou Traoré, Santiago Huber, Lukas Müller, Patrick Lehmann",1,Ismael Traoré,47934
30,2024-03-08 15:30,Adlerstadt Eagles,Schwarzwald Strikers,5-3,"Marco Lehmann, Ismael Müller, Timo Krämer, Lukas Silva, Patrick Silva, Santiago Silva, Florian Larsen, Santiago Huber",0,,1,Jonas Kaya,53225
30,2024-03-08 15:30,Alpenheim Warriors,Nordsee Navigators,1-5,"Florian Müller, Ismael Müller, Florian Huber, Marco Schmidt, Lukas García, Jonas Schmidt",4,"Santiago Huber, Florian Müller, Ismael Kaya, Marco Müller",1,Ismael Silva,24910
30,2024-03-08 15:30,Bergland Bears,Donnerwald Thunder,5-4,"Lukas Lehmann, Yusuf García, Lukas García, Marco Krämer, Ismael Kaya, Yusuf Kaya, Marco Krämer, Mamadou Huber, Patrick Larsen",3,"Mamadou Huber, Mamadou Traoré, Marco Krämer",0,,18221
30,2024-03-08 15:30,Bayerhafen Dynamo,Elbwelle Titans,2-3,"Emil Schmidt, Emil Müller, Yusuf Lehmann, Santiago Kaya, Florian Schmidt",3,"Mamadou Schmidt, Florian García, Ismael Traoré",0,,49331
30,2024-03-08 18:30,Rheinblick Rovers,Ostheim Phoenix,1-1,"Ismael Huber, Marco Lehmann",3,"Ismael Becker, Yusuf Krämer, Lukas Müller",1,Jonas Huber,36255
30,2024-03-08 15:30,Eisbach Falcons,Blitzstadt Lightning,1-1,"Yusuf Lehmann, Mamadou Larsen",2,"Lukas García, Jonas Schmidt",0,,17260
30,2024-03-08 17:30,Kaiserstadt Kings,Weserwind Wolves,0-0,,0,,1,Jonas Lehmann,47159
31,2024-03-15 20:30,Alpenheim Warriors,Hansestadt Gladiators,4-5,"Emil García, Florian Traoré, Timo Lehmann, Emil Traoré, Jonas Huber, Patrick Silva, Jonas Müller, Jonas Krämer, Emil Traoré",1,Yusuf Kaya,0,,20853
31,2024-03-15 15:30,Mainburg Lions,Elbwelle Titans,0-5,"Santiago Huber, Mamadou Becker, Emil Becker, Timo Huber, Jonas Müller",4,"Marco Larsen, Santiago Huber, Marco Larsen, Santiago Huber",1,Lukas Lehmann,53711
31,2024-03-15 15:30,Schwarzwald Strikers,Weserwind Wolves,2-3,"Lukas Huber, Patrick Silva, Emil Schmidt, Timo Müller, Lukas Kaya",3,"Yusuf García, Patrick Becker, Timo García",0,,29117
31,2024-03-15 15:30,Sonnendorf Stars,Hafenstadt Mariners,4-5,"Florian Silva, Yusuf Schmidt, Mamadou Larsen, Ismael Larsen, Ismael Krämer, Jonas Müller, Florian Kaya, Patrick Müller, Florian Kaya",0,,0,,22971
31,2024-03-15 15:30,Rheinblick Rovers,Bayerhafen Dynamo,1-2,"Timo Becker, Patrick Lehmann, Patrick Krämer",2,"Marco Becker, Jonas Schmidt",0,,45851
31,2024-03-15 15:30,Nordsee Navigators,Adlerstadt Eagles,5-0,"Lukas Silva, Florian Huber, Mamadou Kaya, Ismael Traoré, Florian Huber",1,Florian Becker,0,,40977
31,2024-03-15 18:30,Ostheim Phoenix,Donnerwald Thunder,3-1,"Timo Kaya, Patrick Müller, Florian Silva, Marco García",2,"Emil Lehmann, Emil Lehmann",0,,34415
31,2024-03-15 15:30,Kaiserstadt Kings,Blitzstadt Lightning,4-0,"Emil Traoré, Ismael Larsen, Florian Becker, Mamadou Larsen",1,Ismael Larsen,0,,46205
31,2024-03-15 17:30,Eisbach Falcons,Bergland Bears,5-3,"Marco Krämer, Lukas Lehmann, Timo Traoré, Florian Becker, Jonas Kaya, Mamadou Krämer, Florian Kaya, Mamadou Krämer",4,"Mamadou Huber, Lukas Lehmann, Lukas Traoré, Yusuf García",1,Jonas Kaya,17085
32,2024-03-22 20:30,Kaiserstadt Kings,Elbwelle Titans,1-4,"Florian Schmidt, Ismael García, Yusuf Larsen, Marco Becker, Mamadou Becker",4,"Emil Schmidt, Mamadou Becker, Jonas Silva, Yusuf Schmidt",0,,44118
32,2024-03-22 15:30,Eisbach Falcons,Hafenstadt Mariners,3-1,"Lukas Lehmann, Patrick Müller, Ismael Krämer, Ismael Larsen",3,"Ismael Larsen, Timo Müller, Yusuf Krämer",0,,18663
32,2024-03-22 15:30,Bergland Bears,Adlerstadt Eagles,3-0,"Ismael Traoré, Patrick Krämer, Mamadou Kaya",2,"Mamadou Larsen, Jonas Silva",1,Santiago Lehmann,14564
32,2024-03-22 15:30,Schwarzwald Strikers,Mainburg Lions,5-4,"Ismael Traoré, Lukas Silva, Timo García, Jonas Silva, Yusuf García, Ismael Schmidt, Santiago Huber, Yusuf Lehmann, Mamadou Huber",3,"Marco Larsen, Jonas Silva, Mamadou Traoré",1,Yusuf Lehmann,31696
32,2024-03-22 15:30,Ostheim Phoenix,Hansestadt Gladiators,2-0,"Marco Huber, Florian Traoré",4,"Florian Traoré, Lukas Krämer, Patrick Larsen, Jonas Lehmann",1,Emil Traoré,26883
32,2024-03-22 15:30,Blitzstadt Lightning,Sonnendorf Stars,0-3,"Florian Larsen, Florian Kaya, Florian Lehmann",0,,1,Santiago Becker,45820
32,2024-03-22 18:30,Weserwind Wolves,Rheinblick Rovers,2-5,"Patrick Krämer, Marco Huber, Santiago Huber, Florian Traoré, Patrick Krämer, Emil Traoré, Lukas Silva",2,"Jonas Müller, Yusuf Müller",0,,31967
32,2024-03-22 15:30,Bayerhafen Dynamo,Donnerwald Thunder,1-3,"Emil Müller, Ismael Krämer, Marco Krämer, Emil Krämer",0,,1,Jonas Huber,51306
32,2024-03-22 17:30,Nordsee Navigators,Alpenheim Warriors,4-1,"Florian Krämer, Marco Schmidt, Jonas Huber, Marco Müller, Jonas Traoré",1,Florian Huber,1,Jonas Krämer,29849
33,2024-03-29 20:30,Schwarzwald Strikers,Rheinblick Rovers,1-1,"Emil Silva, Patrick Silva",1,Santiago Huber,0,,29461
33,2024-03-29 15:30,Hansestadt Gladiators,Eisbach Falcons,3-4,"Lukas Lehmann, Marco Kaya, Ismael Lehmann, Emil Huber, Ismael Schmidt, Florian Kaya, Ismael Huber",0,,1,Marco Traoré,34527
33,2024-03-29 15:30,Blitzstadt Lightning,Ostheim Phoenix,0-3,"Ismael Becker, Patrick Müller, Emil Krämer",3,"Mamadou Huber, Patrick Müller, Marco Huber",0,,42912
33,2024-03-29 15:30,Mainburg Lions,Adlerstadt Eagles,1-0,Ismael Traoré,3,"Mamadou Traoré, Marco Kaya, Marco Huber",1,Timo Krämer,44806
33,2024-03-29 15:30,Bayerhafen Dynamo,Nordsee Navigators,5-3,"Patrick Schmidt, Ismael Krämer, Emil Larsen, Marco Traoré, Patrick Kaya, Timo Becker, Marco Huber, Marco Schmidt",2,"Marco Lehmann, Emil Krämer",1,Lukas Huber,54281
33,2024-03-29 15:30,Kaiserstadt Kings,Hafenstadt Mariners,4-2,"Marco Huber, Mamadou Becker, Ismael Larsen, Patrick Krämer, Santiago Becker, Timo Lehmann",0,,1,Patrick Becker,44621
33,2024-03-29 18:30,Donnerwald Thunder,Sonnendorf Stars,3-1,"Ismael Schmidt, Ismael Huber, Mamadou Larsen, Florian Lehmann",3,"Emil Lehmann, Ismael Kaya, Mamadou Traoré",0,,21962
33,2024-03-29 15:30,Weserwind Wolves,Elbwelle Titans,2-4,"Jonas Larsen, Ismael Silva, Jonas Huber, Jonas Silva, Mamadou Müller, Marco Schmidt",4,"Lukas Huber, Emil Kaya, Mamadou Silva, Mamadou Lehmann",1,Lukas Huber,32437
33,2024-03-29 17:30,Alpenheim Warriors,Bergland Bears,5-0,"Patrick Krämer, Emil Silva, Jonas Traoré, Yusuf Becker, Patrick Kaya",0,,0,,21321
34,2024-04-05 20:30,Ostheim Phoenix,Bayerhafen Dynamo,0-2,"Yusuf Lehmann, Lukas Müller",4,"Emil Lehmann, Timo Huber, Marco Lehmann, Emil Müller",0,,24710
34,2024-04-05 15:30,Alpenheim Warriors,Adlerstadt Eagles,2-2,"Santiago Huber, Marco Müller, Lukas Silva, Florian Müller",0,,0,,23518
34,2024-04-05 15:30,Blitzstadt Lightning,Bergland Bears,1-0,Florian Silva,4,"Emil Becker, Ismael Lehmann, Patrick Kaya, Florian Becker",0,,42277
34,2024-04-05 15:30,Rheinblick Rovers,Weserwind Wolves,0-5,"Emil Kaya, Lukas Silva, Santiago Huber, Santiago Lehmann, Patrick Kaya",2,"Santiago Lehmann, Timo Becker",0,,45811
34,2024-04-05 15:30,Sonnendorf Stars,Kaiserstadt Kings,4-1,"Jonas Lehmann, Yusuf Becker, Ismael Larsen, Lukas Becker, Santiago Kaya",3,"Jonas Krämer, Yusuf Larsen, Timo Silva",1,Florian Kaya,26392
34,2024-04-05 15:30,Hafenstadt Mariners,Eisbach Falcons,2-2,"Ismael Larsen, Timo Lehmann, Patrick Becker, Lukas Krämer",2,"Yusuf Becker, Emil García",0,,38476
34,2024-04-05 18:30,Mainburg Lions,Schwarzwald Strikers,2-2,"Ismael García, Lukas Huber, Marco Larsen, Timo Müller",1,Ismael García,1,Lukas Huber,40783
34,2024-04-05 15:30,Nordsee Navigators,Hansestadt Gladiators,4-5,"Jonas Traoré, Emil Silva, Florian Larsen, Jonas Huber, Mamadou Becker, Ismael Kaya, Florian Traoré, Emil Traoré, Florian Huber",0,,0,,37024
34,2024-04-05 17:30,Donnerwald Thunder,Elbwelle Titans,2-2,"Florian Silva, Emil Lehmann, Patrick Larsen, Jonas Silva",4,"Ismael Silva, Emil Lehmann, Jonas Larsen, Florian Kaya",1,Jonas Silva,27264
